2MASS,GaiaDR2,Name,RAJ2000,DEJ2000,pmRA,pmDE,plx,r-astro,rv,r_rv,Cluster,Member,J17,L18-t1,L18-t6,Dist,SimbadName
2MASS J04034930+2610520,Gaia DR2 162535413750345856,HBC358A+B+C,04 03 49.32,+26 10 52.0,,,,,,,0,0,1,0,0,,2MASS J04034930+2610520
2MASS J04034997+2620382,Gaia DR2 162541942104406784,XEST06-006,04 03 49.99,+26 20 38.4,14.212,-19.389,6.866,GaiaDR2,,,0,0,1,1,0,,2MASS J04034997+2620382
2MASS J04035084+2610531,Gaia DR2 162535345034688768,HBC359,04 03 50.83,+26 10 53.0,18.855,-29.927,7.781,GaiaDR2,14.200,4,0,0,1,0,0,,2MASS J04035084+2610531
2MASS J04043936+2158186,Gaia DR2 53092775104124288,HBC360,04 04 39.36,+21 58 18.5,3.399,-15.695,8.220,GaiaDR2,,,0,0,1,0,0,,2MASS J04043936+2158186
2MASS J04043984+2158215,Gaia DR2 53092775104123776,HBC361,04 04 39.84,+21 58 21.4,5.102,-15.118,8.183,GaiaDR2,16.200,4,0,0,1,0,0,,2MASS J04043984+2158215
2MASS J04044307+2618563,,IRAS04016+2610,04 04 43.08,+26 18 56.5,,,,,,,0,0,1,1,0,,2MASS J04044307+2618563
2MASS J04053087+2151106,Gaia DR2 53098994216894208,HBC362,04 05 30.89,+21 51 10.8,4.271,-14.224,7.969,GaiaDR2,14.800,4,0,0,1,0,0,,2MASS J04053087+2151106
2MASS J04053214+2733139,Gaia DR2 163511608280866816,,04 05 32.16,+27 33 13.5,11.426,-25.316,7.606,GaiaDR2,,,0,0,0,0,1,,2MASS J04053214+2733139
2MASS J04064263+2902014,Gaia DR2 164265220422661760,,04 06 42.65,+29 02 01.2,11.027,-17.797,6.004,GaiaDR2,,,0,0,0,0,1,,2MASS J04064263+2902014
2MASS J04064443+2540182,Gaia DR2 162259814291151616,,04 06 44.45,+25 40 18.0,14.009,-18.784,6.536,GaiaDR2,,,0,0,0,1,0,,2MASS J04064443+2540182
2MASS J04065134+2541282,Gaia DR2 162260226608005120,V1195Tau,04 06 51.37,+25 41 28.6,12.368,-18.119,6.415,GaiaDR2,16.010,15,0,0,0,1,0,,2MASS J04065134+2541282
2MASS J04065364+2540368,Gaia DR2 162259951730099968,,04 06 53.66,+25 40 36.6,14.318,-18.857,6.666,GaiaDR2,,,0,0,0,0,1,,2MASS J04065364+2540368
2MASS J04080782+2807280,Gaia DR2 163926914439144320,,04 08 07.82,+28 07 28.2,-0.118,-10.310,4.435,GaiaDR2,,,0,0,1,0,0,,2MASS J04080782+2807280
2MASS J04105425+2501266,,,04 10 54.25,+25 01 26.6,,,,,,,0,0,0,1,0,,2MASS J04105425+2501266
2MASS J04110081+2717163,,,04 11 00.81,+27 17 16.3,,,,,,,0,0,0,1,0,,2MASS J04110081+2717163
2MASS J04124068+2438157,Gaia DR2 150073682105601408,,04 12 40.71,+24 38 15.4,14.258,-18.838,6.869,GaiaDR2,,,0,0,0,1,0,,2MASS J04124068+2438157
2MASS J04131414+2819108,Gaia DR2 163246832135164544,LkCa1,04 13 14.14,+28 19 10.9,8.371,-24.403,7.791,GaiaDR2,9.570,15,7,1,1,1,0,*,2MASS J04131414+2819108
2MASS J04132722+2816247,Gaia DR2 163233981593016064,Anon1,04 13 27.24,+28 16 25.0,7.440,-23.835,7.367,GaiaDR2,21.910,17,7,1,1,1,0,*,2MASS J04132722+2816247
2MASS J04135328+2811233,Gaia DR2 163229544890946944,IRAS04108+2803A,04 13 53.28,+28 11 23.3,11.323,-22.677,6.936,GaiaDR2,15.320,17,0,0,1,1,0,,2MASS J04135328+2811233
2MASS J04135471+2811328,,IRAS04108+2803B,04 13 54.72,+28 11 33.0,,,,,,,0,0,1,1,0,,2MASS J04135471+2811328
2MASS J04135737+2918193,Gaia DR2 165563674934601856,IRAS04108+2910,04 13 57.38,+29 18 19.4,9.950,-22.890,8.129,GaiaDR2,,,0,0,1,1,0,,2MASS J04135737+2918193
2MASS J04141188+2811535,Gaia DR2 163182888662060928,,04 14 11.88,+28 11 53.5,9.077,-23.889,7.658,GaiaDR2,,,7,1,1,1,0,*,2MASS J04141188+2811535
,,IRAS04111+2800G,04 14 12.26,+28 08 37.7,,,,,,,0,0,1,1,0,,IRAS 04111+2800G
2MASS J04141291+2812124,Gaia DR2 163184366130809984,V773TauA+B,04 14 12.91,+28 12 12.6,10.253,-25.119,7.692,VLBI,16.000,11,7,1,1,1,0,*,2MASS J04141291+2812124
2MASS J04141358+2812492,Gaia DR2 163184366130809472,FMTau,04 14 13.58,+28 12 49.3,8.587,-24.416,7.609,GaiaDR2,,,7,1,1,1,0,*,2MASS J04141358+2812492
2MASS J04141458+2827580,Gaia DR2 164738521519622656,FNTau,04 14 14.59,+28 27 58.0,9.501,-23.569,7.650,GaiaDR2,15.410,17,7,1,1,1,0,*,2MASS J04141458+2827580
2MASS J04141700+2810578,Gaia DR2 163184091252903936,CWTau,04 14 16.99,+28 10 57.7,8.278,-24.159,7.580,GaiaDR2,13.600,15,7,1,1,1,0,*,2MASS J04141700+2810578
2MASS J04141760+2806096,Gaia DR2 163181342473839744,CIDA1,04 14 17.62,+28 06 09.7,8.339,-23.318,7.400,GaiaDR2,15.220,17,7,1,1,1,0,*,2MASS J04141760+2806096
2MASS J04142626+2806032,Gaia DR2 163181308112262400,MHO1,04 14 26.28,+28 06 02.9,5.540,-27.639,7.066,GaiaDR2,,,0,0,0,1,0,,2MASS J04142626+2806032
2MASS J04142639+2805597,Gaia DR2 163178353176600448,MHO2,04 14 26.40,+28 05 59.6,8.784,-25.726,7.570,GaiaDR2,,,7,1,1,1,0,*,2MASS J04142639+2805597
2MASS J04143054+2805147,Gaia DR2 163178387536338944,MHO3,04 14 30.55,+28 05 14.6,2.651,-24.114,4.158,GaiaDR2,17.260,17,0,0,1,1,0,,2MASS J04143054+2805147
2MASS J04143062+2807020,,,04 14 30.63,+28 07 02.1,,,,,,,0,0,0,1,0,,2MASS J04143062+2807020
2MASS J04144158+2809583,,,04 14 41.59,+28 09 58.3,,,,,,,0,0,0,1,0,,2MASS J04144158+2809583
2MASS J04144730+2646264,Gaia DR2 162757545164429696,FPTau,04 14 47.30,+26 46 26.4,9.480,-22.688,7.814,GaiaDR2,16.260,15,7,0,1,1,0,,2MASS J04144730+2646264
2MASS J04144739+2803055,Gaia DR2 163177116226018944,XEST20-066,04 14 47.40,+28 03 05.4,10.157,-26.128,7.801,GaiaDR2,12.590,17,7,1,1,1,0,*,2MASS J04144739+2803055
2MASS J04144786+2648110,Gaia DR2 162758236656524416,CXTau,04 14 47.88,+26 48 11.2,9.025,-22.451,7.847,GaiaDR2,16.630,15,7,0,1,1,0,,2MASS J04144786+2648110
2MASS J04144797+2752346,Gaia DR2 163157325014927360,LkCa3A+B,04 14 47.98,+27 52 34.7,11.148,-27.327,8.070,VLBI,8.900,17,7,1,1,1,0,*,2MASS J04144797+2752346
2MASS J04144928+2812305,Gaia DR2 163183644576299264,FOTauA+B,04 14 49.30,+28 12 30.6,10.652,-21.171,6.403,GaiaDR2,15.830,17,0,0,1,1,0,,2MASS J04144928+2812305
2MASS J04145234+2805598,Gaia DR2 163179006011625088,XEST20-071A,04 14 52.34,+28 06 00.0,7.995,-22.161,7.425,GaiaDR2,17.660,17,7,1,1,1,0,*,Gaia DR2 163179006011625088
,Gaia DR2 163179006011625216,XEST20-071B,04 14 52.44,+28 05 59.5,8.961,-23.606,7.408,GaiaDR2,,,0,0,0,1,0,,Gaia DR2 163179006011625216
2MASS J04150515+2808462,Gaia DR2 163179521407696384,CIDA2,04 15 05.16,+28 08 46.3,8.461,-24.479,7.517,GaiaDR2,14.610,17,0,0,1,1,0,,2MASS J04150515+2808462
2MASS J04150651+2728136,Gaia DR2 162933226506362240,,04 15 06.52,+27 28 13.2,10.386,-26.671,7.512,GaiaDR2,,,7,1,0,0,1,*,2MASS J04150651+2728136
2MASS J04151471+2800096,Gaia DR2 163165738856771200,KPNO1,04 15 14.71,+28 00 09.7,8.549,-25.522,7.912,GaiaDR2,,,7,1,1,1,0,*,2MASS J04151471+2800096
2MASS J04152409+2910434,Gaia DR2 164800815725933312,,04 15 24.10,+29 10 43.3,10.737,-19.436,5.999,GaiaDR2,,,0,0,1,1,0,,2MASS J04152409+2910434
2MASS J04153452+2913469,,,04 15 34.53,+29 13 47.0,,,,,,,0,0,0,1,0,,2MASS J04153452+2913469
2MASS J04153566+2847417,Gaia DR2 164773327935288320,,04 15 35.68,+28 47 41.4,,,,,,,0,0,0,1,0,,2MASS J04153566+2847417
2MASS J04153916+2818586,Gaia DR2 164684340508950144,,04 15 39.17,+28 18 58.7,9.248,-24.384,7.635,GaiaDR2,15.670,17,7,1,1,1,0,*,2MASS J04153916+2818586
2MASS J04154131+2915078,Gaia DR2 164802984685384320,,04 15 41.33,+29 15 07.6,12.000,-18.021,6.397,GaiaDR2,,,6,1,0,1,0,*,2MASS J04154131+2915078
2MASS J04154269+2909558,Gaia DR2 164800235906367232,,04 15 42.71,+29 09 55.7,12.183,-16.600,6.417,GaiaDR2,,,6,1,0,1,0,*,2MASS J04154269+2909558
2MASS J04154278+2909597,Gaia DR2 164800235906366976,IRAS04125+2902,04 15 42.79,+29 09 59.8,12.336,-17.754,6.282,GaiaDR2,,,6,1,1,1,0,*,2MASS J04154278+2909597
2MASS J04154807+2911331,Gaia DR2 164801743439026048,,04 15 48.09,+29 11 33.0,,,,,,,0,0,0,1,0,,2MASS J04154807+2911331
2MASS J04155799+2746175,Gaia DR2 162967384383246336,,04 15 57.98,+27 46 17.4,7.818,-24.652,7.401,GaiaDR2,15.290,17,7,1,1,1,0,*,2MASS J04155799+2746175
2MASS J04161210+2756385,Gaia DR2 164474986623118592,,04 16 12.10,+27 56 38.8,8.887,-25.716,7.303,GaiaDR2,16.380,17,7,1,1,1,0,*,2MASS J04161210+2756385
2MASS J04161407+2758275,Gaia DR2 164475467657712256,,04 16 14.08,+27 58 26.7,9.250,-23.460,7.864,GaiaDR2,,,0,0,0,0,1,,2MASS J04161407+2758275
2MASS J04161726+2817128,Gaia DR2 164676575208109568,,04 16 17.27,+28 17 12.4,8.267,-25.347,7.657,GaiaDR2,14.710,17,7,1,0,1,0,*,2MASS J04161726+2817128
2MASS J04161885+2752155,Gaia DR2 164470794735041152,,04 16 18.86,+27 52 15.6,7.469,-24.929,7.314,GaiaDR2,,,7,1,1,1,0,*,2MASS J04161885+2752155
2MASS J04162725+2053091,Gaia DR2 49366530195372416,,04 16 27.26,+20 53 09.2,5.365,-12.253,7.460,GaiaDR2,19.300,16,0,0,1,0,0,,2MASS J04162725+2053091
2MASS J04162810+2807358,Gaia DR2 164666022471759232,LkCa4,04 16 28.10,+28 07 35.8,6.852,-25.905,7.732,GaiaDR2,15.770,15,7,1,1,1,0,*,2MASS J04162810+2807358
2MASS J04163048+3037053,Gaia DR2 166159743378292736,,04 16 30.48,+30 37 05.2,4.426,-6.104,3.229,GaiaDR2,,,0,0,1,0,0,,2MASS J04163048+3037053
2MASS J04163911+2858491,Gaia DR2 164783811951433856,,04 16 39.12,+28 58 49.1,4.975,-15.000,6.278,GaiaDR2,16.670,17,0,0,1,1,0,,2MASS J04163911+2858491
2MASS J04173372+2820468,Gaia DR2 164698634160139264,CYTau,04 17 33.72,+28 20 46.7,9.180,-25.548,7.789,GaiaDR2,16.680,15,7,1,1,1,0,*,2MASS J04173372+2820468
2MASS J04173893+2833005,Gaia DR2 164705368668853120,LkCa5,04 17 38.95,+28 33 00.4,6.869,-25.249,7.706,GaiaDR2,15.830,15,7,1,1,1,0,*,2MASS J04173893+2833005
2MASS J04174955+2813318,Gaia DR2 164506116546058112,KPNO10,04 17 49.56,+28 13 31.8,8.810,-25.219,7.310,GaiaDR2,15.410,17,7,1,1,1,0,*,2MASS J04174955+2813318
2MASS J04174965+2829362,Gaia DR2 164702070133970944,V410X-ray1,04 17 49.66,+28 29 36.2,6.904,-24.624,7.780,GaiaDR2,16.610,17,7,1,1,1,0,*,2MASS J04174965+2829362
2MASS J04180796+2826036,Gaia DR2 164513022853468160,V410X-ray3,04 18 07.97,+28 26 03.8,8.428,-24.730,8.508,GaiaDR2,16.860,17,0,0,1,1,0,,2MASS J04180796+2826036
2MASS J04181078+2519574,Gaia DR2 150393571269837184,V409Tau,04 18 10.80,+25 19 57.4,8.827,-23.335,7.643,GaiaDR2,,,7,0,1,1,0,,2MASS J04181078+2519574
2MASS J04181710+2828419,Gaia DR2 164519276325850752,V410Anon13,04 18 17.11,+28 28 41.9,5.789,-25.031,8.070,GaiaDR2,16.230,17,7,0,1,1,0,,2MASS J04181710+2828419
2MASS J04182147+1658470,Gaia DR2 45787585487165184,HBC372,04 18 21.48,+16 58 46.9,5.664,-9.748,5.544,GaiaDR2,15.818,15,0,0,1,0,0,,2MASS J04182147+1658470
2MASS J04182909+2826191,,V410Anon25,04 18 29.11,+28 26 19.0,8.384,-19.627,7.583,VLBI,,,0,0,1,1,0,,2MASS J04182909+2826191
2MASS J04183030+2743208,Gaia DR2 164409359522965120,KPNO11,04 18 30.31,+27 43 21.0,8.733,-26.265,7.729,GaiaDR2,15.540,17,7,1,1,1,0,*,2MASS J04183030+2743208
2MASS J04183110+2827162,Gaia DR2 164518589131083136,V410TauA+B+C,04 18 31.10,+28 27 16.2,8.703,-24.985,7.751,VLBI,19.900,15,7,1,1,1,0,*,2MASS J04183110+2827162
2MASS J04183112+2816290,Gaia DR2 164507353496637952,DDTauA+B,04 18 31.13,+28 16 28.9,8.816,-25.644,8.155,GaiaDR2,13.900,15,0,0,1,1,0,,2MASS J04183112+2816290
,,SSTTau041831.2+282617,04 18 31.24,+28 26 18.0,,,,,,,0,0,0,1,0,,SSTtau 041831.2+282617
2MASS J04183158+2816585,Gaia DR2 164507594014806400,CZTauA+B,04 18 31.58,+28 16 58.4,,,,,13.520,17,0,0,1,1,0,,2MASS J04183158+2816585
2MASS J04183203+2831153,Gaia DR2 164521097391597824,IRAS04154+2823,04 18 32.04,+28 31 15.2,,,,,,,0,0,1,1,0,,2MASS J04183203+2831153
2MASS J04183444+2830302,,V410X-ray2,04 18 34.44,+28 30 30.2,,,,,18.150,17,0,0,1,1,0,,2MASS J04183444+2830302
2MASS J04184023+2824245,Gaia DR2 164515256236723584,V410X-ray4,04 18 40.22,+28 24 24.5,,,,,16.380,17,0,0,1,1,0,,2MASS J04184023+2824245
2MASS J04184061+2819155,Gaia DR2 164513602672978304,V892Tau,04 18 40.63,+28 19 15.6,6.619,-29.875,8.545,GaiaDR2,1.360,17,0,0,1,1,0,,2MASS J04184061+2819155
,,V892TauNE,04 18 40.74,+28 19 18.9,,,,,,,0,0,0,1,0,,V* V892 Tau B
2MASS J04184133+2827250,,LR1,04 18 41.33,+28 27 24.8,,,,,16.760,17,0,0,1,1,0,,2MASS J04184133+2827250
2MASS J04184250+2818498,Gaia DR2 164513400810646912,V410X-ray7,04 18 42.50,+28 18 49.7,12.128,-24.146,7.998,GaiaDR2,,,0,0,1,1,0,,2MASS J04184250+2818498
2MASS J04184530+2758484,,,04 18 45.30,+27 58 48.5,,,,,,,0,0,0,1,0,,2MASS J04184530+2758484
2MASS J04184703+2820073,Gaia DR2 164513538249595136,Hubble4,04 18 47.04,+28 20 07.4,8.371,-25.490,7.686,VLBI,12.690,18,7,1,1,1,0,*,2MASS J04184703+2820073
2MASS J04185115+2814332,Gaia DR2 164495323291866624,KPNO2,04 18 51.17,+28 14 33.4,8.614,-24.653,7.988,GaiaDR2,,,7,1,1,1,0,*,2MASS J04185115+2814332
2MASS J04185147+2820264,Gaia DR2 164513572609331456,CoKuTau1,04 18 51.48,+28 20 26.5,,,,,15.220,17,0,0,1,1,0,,2MASS J04185147+2820264
2MASS J04185170+1723165,Gaia DR2 47316005432912256,HBC376,04 18 51.70,+17 23 16.4,3.087,-13.062,8.238,GaiaDR2,15.500,15,0,0,1,0,0,,2MASS J04185170+1723165
2MASS J04185813+2812234,Gaia DR2 164494296796124416,IRAS04158+2805,04 18 58.15,+28 12 23.4,5.672,-23.139,11.173,GaiaDR2,17.210,17,0,0,1,1,0,,2MASS J04185813+2812234
2MASS J04190110+2819420,Gaia DR2 164502062096975744,V410X-ray6,04 19 01.10,+28 19 41.9,8.705,-25.337,8.407,GaiaDR2,16.010,17,7,1,1,1,0,*,2MASS J04190110+2819420
2MASS J04190126+2802487,Gaia DR2 164487734085116800,KPNO12,04 19 01.27,+28 02 48.8,,,,,,,0,0,1,1,0,,2MASS J04190126+2802487
2MASS J04190197+2822332,Gaia DR2 164514053645658752,V410X-ray5a,04 19 01.99,+28 22 33.2,9.188,-25.756,7.434,GaiaDR2,15.980,17,0,0,1,1,0,,2MASS J04190197+2822332
,,FQTauB,04 19 12.80,+28 29 32.5,,,,,,,0,0,0,1,0,,V* FQ Tau
2MASS J04191281+2829330,Gaia DR2 164517313524721536,FQTauA,04 19 12.82,+28 29 33.0,,,,,15.350,17,0,0,1,1,0,,2MASS J04191281+2829330
2MASS J04191583+2906269,Gaia DR2 164832740220756608,BPTau,04 19 15.84,+29 06 27.0,8.627,-26.177,7.777,GaiaDR2,15.240,15,0,0,1,1,0,,2MASS J04191583+2906269
2MASS J04192520+2756133,Gaia DR2 164436297557793280,,04 19 25.21,+27 56 12.9,8.978,-26.256,7.783,GaiaDR2,,,7,1,0,0,1,*,2MASS J04192520+2756133
2MASS J04192625+2826142,Gaia DR2 164504467278644096,V819Tau,04 19 26.26,+28 26 14.3,8.357,-25.471,7.623,GaiaDR2,16.640,15,7,1,1,1,0,*,2MASS J04192625+2826142
2MASS J04193545+2827218,Gaia DR2 164598303725243776,FRTau,04 19 35.47,+28 27 22.0,11.933,-25.972,8.388,GaiaDR2,16.200,17,0,0,1,1,0,,2MASS J04193545+2827218
2MASS J04194127+2749484,Gaia DR2 164422961683000320,LkCa7A+B,04 19 41.28,+27 49 48.4,9.937,-24.961,7.944,GaiaDR2,17.980,15,0,0,1,1,0,,2MASS J04194127+2749484
2MASS J04194148+2716070,,IRAS04166+2708,04 19 41.47,+27 16 07.0,,,,,,,0,0,1,1,0,,2MASS J04194148+2716070
,,IRAS04166+2706,04 19 42.50,+27 13 36.8,,,,,,,0,0,1,1,0,,IRAS 04166+2706
2MASS J04194657+2712552,,[GKH94]41,04 19 46.58,+27 12 55.1,,,,,,,0,0,1,1,0,,2MASS J04194657+2712552
2MASS J04194819+2750007,Gaia DR2 164423034698790656,,04 19 48.21,+27 50 00.3,9.401,-26.110,7.807,GaiaDR2,16.410,17,7,1,0,0,1,*,2MASS J04194819+2750007
2MASS J04195040+2820485,,,04 19 50.41,+28 20 48.6,,,,,,,0,0,0,1,0,,2MASS J04195040+2820485
2MASS J04195844+2709570,,IRAS04169+2702,04 19 58.44,+27 09 57.2,,,,,,,0,0,1,1,0,,2MASS J04195844+2709570
2MASS J04201611+2821325,Gaia DR2 164593115404749440,,04 20 16.10,+28 21 32.4,8.556,-25.181,7.782,GaiaDR2,16.070,17,7,1,1,1,0,*,2MASS J04201611+2821325
2MASS J04202144+2813491,,,04 20 21.43,+28 13 49.1,,,,,,,0,0,1,1,0,,2MASS J04202144+2813491
2MASS J04202555+2700355,Gaia DR2 152349022637314176,,04 20 25.56,+27 00 35.6,11.351,-17.730,5.900,GaiaDR2,16.450,17,8,1,1,1,0,*,2MASS J04202555+2700355
2MASS J04202583+2819237,Gaia DR2 164546038266077824,IRAS04173+2812,04 20 25.82,+28 19 23.9,10.661,-24.222,8.218,GaiaDR2,,,0,0,1,1,0,,2MASS J04202583+2819237
2MASS J04202606+2804089,Gaia DR2 164445437248152832,,04 20 26.06,+28 04 09.1,8.332,-26.074,7.873,GaiaDR2,16.430,17,7,1,1,1,0,*,2MASS J04202606+2804089
2MASS J04203918+2717317,Gaia DR2 152362491654557696,XEST16-045,04 20 39.19,+27 17 31.9,10.415,-26.085,7.545,GaiaDR2,15.280,17,7,0,1,1,0,,2MASS J04203918+2717317
2MASS J04204301+2810364,,,04 20 43.01,+28 10 36.4,,,,,,,0,0,0,1,0,,2MASS J04204301+2810364
2MASS J04205273+1746415,Gaia DR2 47446336216710784,J2-157,04 20 52.73,+17 46 41.5,4.014,-14.974,8.579,GaiaDR2,,,0,0,1,0,0,,2MASS J04205273+1746415
2MASS J04210749+2703022,,,04 21 07.49,+27 03 02.2,,,,,,,0,0,0,1,0,,2MASS J04210749+2703022
2MASS J04210795+2702204,Gaia DR2 152302946228152448,,04 21 07.94,+27 02 20.4,,,,,16.870,17,0,0,1,1,0,,2MASS J04210795+2702204
2MASS J04210934+2750368,Gaia DR2 152416436443721728,,04 21 09.34,+27 50 37.0,7.952,-26.851,8.482,GaiaDR2,,,7,0,1,1,0,,2MASS J04210934+2750368
2MASS J04210934+2750368,Gaia DR2 152416436441091584,,04 21 09.34,+27 50 37.0,,,,,,,0,0,1,1,0,,2MASS J04210934+2750368
2MASS J04211038+2701372,,IRAS04181+2654B,04 21 10.39,+27 01 37.2,,,,,,,0,0,1,1,0,,2MASS J04211038+2701372
2MASS J04211146+2701094,,IRAS04181+2654A,04 21 11.47,+27 01 09.5,,,,,15.160,17,0,0,1,1,0,,2MASS J04211146+2701094
2MASS J04212650+2952476,Gaia DR2 165259178932295552,,04 21 26.52,+29 52 47.3,9.107,-23.308,7.845,GaiaDR2,,,7,0,0,0,1,,2MASS J04212650+2952476
2MASS J04213459+2701388,Gaia DR2 152305248330621184,,04 21 34.61,+27 01 39.0,11.773,-16.632,6.018,GaiaDR2,16.950,17,8,1,1,1,0,*,2MASS J04213459+2701388
2MASS J04213965+2649143,Gaia DR2 152284735566828032,,04 21 39.66,+26 49 13.8,10.667,-18.084,6.043,GaiaDR2,16.530,17,8,1,0,1,0,*,2MASS J04213965+2649143
2MASS J04214013+2814224,Gaia DR2 164530511961426176,XEST21-026,04 21 40.15,+28 14 22.6,8.357,-25.982,7.819,GaiaDR2,15.490,17,7,1,1,1,0,*,2MASS J04214013+2814224
2MASS J04214323+1934133,Gaia DR2 48238809222398336,IRAS04187+1927,04 21 43.25,+19 34 13.4,5.700,-11.755,6.753,GaiaDR2,,,19,1,1,1,0,*,2MASS J04214323+1934133
2MASS J04214631+2659296,Gaia DR2 152293149405058816,,04 21 46.32,+26 59 29.8,11.917,-18.326,6.262,GaiaDR2,17.070,17,8,0,1,1,0,,2MASS J04214631+2659296
2MASS J04215450+2652315,Gaia DR2 152291160837987456,,04 21 54.50,+26 52 31.4,,,,,,,0,0,1,1,0,,2MASS J04215450+2652315
2MASS J04215482+2642372,Gaia DR2 152280165721635968,,04 21 54.83,+26 42 37.1,10.139,-16.873,6.231,GaiaDR2,16.300,17,8,0,0,1,0,,2MASS J04215482+2642372
2MASS J04215563+2755060,Gaia DR2 152511475478780416,DETau,04 21 55.63,+27 55 06.2,10.755,-27.221,7.881,GaiaDR2,15.402,15,7,1,1,1,0,*,2MASS J04215563+2755060
,,IRAM04191+1522,04 21 56.86,+15 29 46.0,,,,,,,0,0,1,1,0,,NAME IRAM 04191+1522
2MASS J04215740+2826355,Gaia DR2 164551162164119424,RYTau,04 21 57.41,+28 26 35.5,4.987,-25.712,2.287,GaiaDR2,24.300,11,0,0,1,1,0,,2MASS J04215740+2826355
2MASS J04215884+2818066,Gaia DR2 164536250037820160,HD283572,04 21 58.85,+28 18 06.5,8.853,-26.491,7.722,VLBI,14.220,15,7,1,1,1,0,*,2MASS J04215884+2818066
2MASS J04215943+1932063,Gaia DR2 48192969034959232,TTauN+S,04 21 59.42,+19 32 06.4,6.790,-11.131,6.723,VLBI,19.230,15,19,1,1,1,0,*,2MASS J04215943+1932063
2MASS J04220007+1530248,,IRAS04191+1523B,04 22 00.08,+15 30 24.8,,,,,,,0,0,0,1,0,,2MASS J04220007+1530248
2MASS J04220043+1530212,,IRAS04191+1523A,04 22 00.43,+15 30 21.2,,,,,,,0,0,1,1,0,,2MASS J04220043+1530212
2MASS J04220069+2657324,,,04 22 00.70,+26 57 32.4,,,,,,,0,0,1,1,0,,2MASS J04220069+2657324
,,UGCS J042201.36+265512.1,04 22 01.36,+26 55 12.2,,,,,,,0,0,0,1,0,,UGCS J042201.36+265512.1
2MASS J04220217+2657304,Gaia DR2 152292187332155008,FSTauA+B,04 22 02.18,+26 57 30.6,,,,,17.890,17,0,0,1,1,0,,2MASS J04220217+2657304
2MASS J04220313+2825389,Gaia DR2 164550882989640192,LkCa21,04 22 03.14,+28 25 39.0,10.270,-25.864,8.344,GaiaDR2,16.330,17,0,0,1,1,0,,2MASS J04220313+2825389
2MASS J04220496+1934483,Gaia DR2 48193213849576320,RXJ0422.1+1934,04 22 04.97,+19 34 48.2,6.757,-12.729,6.936,GaiaDR2,,,19,1,0,1,0,*,2MASS J04220496+1934483
2MASS J04221332+1934392,Gaia DR2 48193316928788352,,04 22 13.32,+19 34 39.4,6.416,-12.410,7.314,GaiaDR2,,,19,1,1,1,0,*,2MASS J04221332+1934392
2MASS J04221568+2657060,Gaia DR2 152293359861143040,XEST11-078,04 22 15.67,+26 57 06.1,,,,,15.570,17,0,0,1,1,0,,2MASS J04221568+2657060
2MASS J04221644+2549118,Gaia DR2 150501362066641664,,04 22 16.44,+25 49 12.0,14.126,-19.654,6.641,GaiaDR2,14.600,17,0,0,1,1,0,,2MASS J04221644+2549118
2MASS J04221675+2654570,Gaia DR2 152288824375681536,IRASF04192+2647,04 22 16.75,+26 54 57.2,11.307,-17.597,6.377,GaiaDR2,15.860,17,0,0,1,1,0,,2MASS J04221675+2654570
2MASS J04222404+2646258,Gaia DR2 152099055539792000,XEST11-087,04 22 24.05,+26 46 25.7,11.413,-17.856,6.155,GaiaDR2,16.860,17,8,1,1,1,0,*,2MASS J04222404+2646258
2MASS J04224786+2645530,Gaia DR2 152098299625634816,IRAS04196+2638,04 22 47.88,+26 45 52.9,10.743,-17.142,6.372,GaiaDR2,16.490,17,8,1,1,1,0,*,2MASS J04224786+2645530
2MASS J04225416+2439538,Gaia DR2 149525098819498752,,04 22 54.18,+24 39 53.4,7.994,-23.411,7.890,GaiaDR2,,,0,0,0,1,0,,2MASS J04225416+2439538
2MASS J04230607+2801194,Gaia DR2 152516079683687680,,04 23 06.07,+28 01 19.6,7.929,-26.682,7.499,GaiaDR2,15.790,17,7,1,1,1,0,*,2MASS J04230607+2801194
2MASS J04230776+2805573,Gaia DR2 152518828462749440,IRAS04200+2759,04 23 07.78,+28 05 57.5,9.654,-27.014,7.221,GaiaDR2,,,7,1,1,1,0,*,2MASS J04230776+2805573
2MASS J04231822+2641156,Gaia DR2 152082214971294976,,04 23 18.24,+26 41 15.7,,,,,17.050,17,0,0,1,1,0,,2MASS J04231822+2641156
2MASS J04233290+1950193,Gaia DR2 48297530014248704,PSOJ065.8871+19.8386,04 23 32.92,+19 50 19.1,8.309,-10.676,6.844,GaiaDR2,,,0,0,0,1,0,,2MASS J04233290+1950193
2MASS J04233539+2503026,Gaia DR2 149629483705467008,FUTauA,04 23 35.40,+25 03 02.5,6.895,-21.026,7.628,GaiaDR2,17.540,17,9,1,1,1,0,*,2MASS J04233539+2503026
2MASS J04233573+2502596,Gaia DR2 149629479408410240,FUTauB,04 23 35.75,+25 02 59.3,12.450,-21.761,7.521,GaiaDR2,,,0,0,0,1,0,,2MASS J04233573+2502596
2MASS J04233919+2456141,Gaia DR2 149623711269425408,FTTau,04 23 39.19,+24 56 14.3,6.918,-21.698,7.854,GaiaDR2,17.240,17,9,1,1,1,0,*,2MASS J04233919+2456141
2MASS J04242090+2630511,Gaia DR2 152029992465874560,,04 24 20.90,+26 30 51.1,9.255,-27.366,7.298,GaiaDR2,16.170,17,7,0,1,1,0,,2MASS J04242090+2630511
2MASS J04242321+2650084,Gaia DR2 152109054223716480,,04 24 23.23,+26 50 08.1,11.491,-18.347,6.493,GaiaDR2,16.880,17,0,0,0,1,0,,2MASS J04242321+2650084
2MASS J04242646+2649503,Gaia DR2 152108882425024128,,04 24 26.47,+26 49 50.5,11.579,-17.861,6.460,GaiaDR2,16.530,17,8,0,1,1,0,,2MASS J04242646+2649503
2MASS J04243380+1529345,Gaia DR2 3311263796300229248,,04 24 33.81,+15 29 34.2,13.567,-19.601,6.851,GaiaDR2,,,0,0,0,0,1,,2MASS J04243380+1529345
2MASS J04244457+2610141,Gaia DR2 152000786688289664,IRAS04216+2603,04 24 44.59,+26 10 14.2,11.866,-17.322,6.297,GaiaDR2,17.850,17,8,0,1,1,0,,2MASS J04244457+2610141
2MASS J04244506+2701447,Gaia DR2 152118881108855680,J1-4423,04 24 45.07,+27 01 44.8,8.394,-26.844,7.921,GaiaDR2,15.400,17,7,0,1,1,0,,2MASS J04244506+2701447
2MASS J04244815+2643161,Gaia DR2 152104381299305728,RXJ0424.8+2643,04 24 48.17,+26 43 15.8,10.839,-13.235,6.363,VLBI,,,0,0,0,1,0,,2MASS J04244815+2643161
2MASS J04244904+2643104,Gaia DR2 152104381299305600,HD283641,04 24 49.06,+26 43 10.1,10.913,-16.772,6.285,VLBI,,,8,1,0,1,0,*,2MASS J04244904+2643104
2MASS J04244926+2643030,Gaia DR2 152104381299305856,,04 24 49.27,+26 43 02.8,12.670,-17.445,6.793,GaiaDR2,17.490,18,0,0,0,0,1,,2MASS J04244926+2643030
2MASS J04245021+2641006,Gaia DR2 152057239738385792,,04 24 50.22,+26 41 00.4,12.341,-17.218,6.557,GaiaDR2,17.570,17,8,1,0,1,0,*,2MASS J04245021+2641006
2MASS J04245708+2711565,Gaia DR2 152226491513195648,IPTau,04 24 57.07,+27 11 56.4,8.359,-26.747,7.688,GaiaDR2,16.240,15,7,0,1,1,0,,2MASS J04245708+2711565
2MASS J04251550+2829275,Gaia DR2 152917298349085824,,04 25 15.52,+28 29 27.1,10.787,-25.045,7.545,GaiaDR2,,,7,0,0,1,0,,2MASS J04251550+2829275
2MASS J04251767+2617504,Gaia DR2 152009033025476352,J1-4872B,04 25 17.50,+26 17 48.3,,,,,,,0,0,0,1,0,,[HJS91] 4872B
2MASS J04251767+2617504,Gaia DR2 152009028728671744,J1-4872A,04 25 17.70,+26 17 50.3,28.987,-11.374,6.013,GaiaDR2,,,0,0,1,1,0,,2MASS J04251767+2617504
2MASS J04262939+2624137,Gaia DR2 151283870746458496,KPNO3,04 26 29.40,+26 24 13.7,10.898,-17.854,6.445,GaiaDR2,17.550,17,8,1,1,1,0,*,2MASS J04262939+2624137
2MASS J04263055+2443558,Gaia DR2 149409920679460096,,04 26 30.55,+24 43 55.9,2.745,-22.020,8.440,GaiaDR2,,,0,0,1,1,0,,2MASS J04263055+2443558
2MASS J04264449+2756433,Gaia DR2 152466120624336896,,04 26 44.51,+27 56 42.9,8.838,-25.182,7.598,GaiaDR2,,,7,0,0,1,0,,2MASS J04264449+2756433
2MASS J04265352+2606543,Gaia DR2 151262911306127744,FVTauA+B,04 26 53.52,+26 06 54.4,,,,,,,0,0,1,1,0,,2MASS J04265352+2606543
2MASS J04265440+2606510,Gaia DR2 151262941369626752,FVTau/cA+B,04 26 54.41,+26 06 51.1,3.984,-20.400,7.177,GaiaDR2,,,0,0,1,1,0,,2MASS J04265440+2606510
2MASS J04265629+2443353,,IRAS04239+2436,04 26 56.30,+24 43 35.4,,,,,,,0,0,1,1,0,,2MASS J04265629+2443353
2MASS J04265732+2606284,Gaia DR2 151262876946558976,KPNO13,04 26 57.34,+26 06 28.4,5.194,-20.710,7.528,GaiaDR2,16.370,17,16,0,1,1,0,,2MASS J04265732+2606284
2MASS J04270266+2605304,,DGTauB,04 27 02.66,+26 05 30.5,,,,,,,0,0,1,1,0,,2MASS J04270266+2605304
2MASS J04270280+2542223,Gaia DR2 151179966897747840,DFTauA+B,04 27 02.81,+25 42 22.3,3.504,-26.650,8.071,GaiaDR2,16.460,17,0,0,1,1,0,,2MASS J04270280+2542223
2MASS J04270469+2606163,Gaia DR2 151262700852297728,DGTau,04 27 04.70,+26 06 16.2,6.156,-19.297,8.282,GaiaDR2,15.400,15,0,0,1,1,0,,2MASS J04270469+2606163
2MASS J04270739+2215037,Gaia DR2 145494460991086976,,04 27 07.39,+22 15 04.0,7.239,-17.219,6.232,GaiaDR2,16.800,16,0,0,1,1,0,,2MASS J04270739+2215037
2MASS J04272467+2624199,Gaia DR2 151286550806099712,,04 27 24.69,+26 24 19.5,11.196,-18.049,6.235,GaiaDR2,17.420,17,8,1,0,1,0,*,2MASS J04272467+2624199
2MASS J04272799+2612052,Gaia DR2 151265002954775936,KPNO4,04 27 28.01,+26 12 05.4,1.805,-23.448,7.454,GaiaDR2,,,0,0,1,1,0,,2MASS J04272799+2612052
2MASS J04274538+2357243,Gaia DR2 146319193494413696,,04 27 45.38,+23 57 24.5,11.273,-16.573,6.273,GaiaDR2,,,18,0,1,1,0,,2MASS J04274538+2357243
2MASS J04274951+2738155,,,04 27 49.52,+27 38 15.6,,,,,,,0,0,0,1,0,,2MASS J04274951+2738155
2MASS J04275730+2619183,,IRAS04248+2612,04 27 57.31,+26 19 18.5,,,,,16.930,17,0,0,1,1,0,,2MASS J04275730+2619183
2MASS J04281566+2711110,Gaia DR2 152178976290554496,,04 28 15.68,+27 11 10.6,8.194,-26.734,7.619,GaiaDR2,,,7,0,0,1,0,,2MASS J04281566+2711110
,,L1521F-IRS,04 28 38.88,+26 51 34.6,,,,,,,0,0,1,1,0,,NAME LDN 1521F IRS
2MASS J04284263+2714039,Gaia DR2 152180827420224128,,04 28 42.62,+27 14 03.8,8.262,-25.276,7.561,GaiaDR2,17.400,17,7,0,1,1,0,,2MASS J04284263+2714039
,Gaia DR2 152180831716415488,J04284263+2714039B,04 28 42.64,+27 14 03.2,9.830,-26.556,7.536,GaiaDR2,,,0,0,0,1,0,,Gaia DR2 152180831716415488
2MASS J04285053+1844361,Gaia DR2 3314586142482134144,,04 28 50.56,+18 44 35.8,12.085,-18.572,7.368,GaiaDR2,,,0,0,0,1,0,,2MASS J04285053+1844361
2MASS J04290068+2755033,Gaia DR2 152643240779301632,,04 29 00.67,+27 55 03.4,8.648,-25.258,6.896,GaiaDR2,,,0,0,1,1,0,,2MASS J04290068+2755033
2MASS J04290498+2649073,Gaia DR2 151393577095005312,IRAS04260+2642,04 29 04.99,+26 49 07.3,,,,,18.890,17,0,0,1,1,0,,2MASS J04290498+2649073
2MASS J04291717+1826375,Gaia DR2 3314527456049017600,,04 29 17.17,+18 26 37.7,6.416,-18.713,5.228,GaiaDR2,,,0,0,0,0,1,,2MASS J04291717+1826375
2MASS J04291983+2724153,Gaia DR2 152189662169148288,HD28354,04 29 19.84,+27 24 14.8,7.265,-25.149,7.319,GaiaDR2,,,7,0,0,1,0,,2MASS J04291983+2724153
2MASS J04292071+2633406,Gaia DR2 151373820245230080,J1-507,04 29 20.71,+26 33 40.7,7.911,-20.409,7.767,GaiaDR2,18.260,17,0,0,1,1,0,,2MASS J04292071+2633406
2MASS J04292165+2701259,Gaia DR2 151423440003137024,IRAS04263+2654,04 29 21.65,+27 01 26.0,,,,,16.770,17,0,0,1,1,0,,2MASS J04292165+2701259
2MASS J04292373+2433002,Gaia DR2 149367383323435648,GVTauA+B,04 29 23.74,+24 33 00.4,8.695,-25.085,5.593,GaiaDR2,,,0,0,1,1,0,,2MASS J04292373+2433002
2MASS J04292852+2106069,Gaia DR2 144559188913607168,,04 29 28.53,+21 06 06.7,8.277,-18.561,5.712,GaiaDR2,,,0,0,0,0,1,,2MASS J04292852+2106069
2MASS J04292971+2616532,Gaia DR2 151313901157347840,FWTauA+B+C,04 29 29.71,+26 16 53.0,,,,,17.340,17,0,0,1,1,0,,2MASS J04292971+2616532
2MASS J04293008+2439550,,IRAS04264+2433,04 29 30.07,+24 39 55.1,,,,,15.850,17,0,0,1,1,0,,2MASS J04293008+2439550
2MASS J04293011+2239154,Gaia DR2 145886539965771648,,04 29 30.12,+22 39 15.1,9.015,-17.726,6.201,GaiaDR2,,,18,0,0,0,1,,2MASS J04293011+2239154
2MASS J04293209+2430597,,,04 29 32.11,+24 30 59.8,,,,,,,0,0,1,1,0,,2MASS J04293209+2430597
2MASS J04293606+2435556,Gaia DR2 149369139966814976,XEST13-010,04 29 36.07,+24 35 55.7,8.567,-20.203,7.757,GaiaDR2,16.910,17,16,0,1,1,0,,2MASS J04293606+2435556
2MASS J04294155+2632582,Gaia DR2 151374202498079872,DHTauA+B,04 29 41.57,+26 32 58.2,7.065,-20.699,7.418,GaiaDR2,16.520,15,16,0,1,1,0,,2MASS J04294155+2632582
2MASS J04294247+2632493,Gaia DR2 151374198202645376,DITauA+B,04 29 42.48,+26 32 49.2,6.899,-21.207,7.431,GaiaDR2,15.103,15,16,0,1,1,0,,2MASS J04294247+2632493
2MASS J04294568+2630468,Gaia DR2 151327159721125888,KPNO5,04 29 45.67,+26 30 46.8,6.868,-20.967,7.829,GaiaDR2,15.770,17,16,0,1,1,0,,2MASS J04294568+2630468
2MASS J04295156+2606448,Gaia DR2 151297958238753664,IQTau,04 29 51.55,+26 06 45.0,5.954,-21.008,7.648,GaiaDR2,15.830,15,0,0,1,1,0,,2MASS J04295156+2606448
2MASS J04295422+1754041,Gaia DR2 3314212514687403264,,04 29 54.24,+17 54 04.3,12.804,-17.272,8.233,GaiaDR2,,,0,0,1,1,0,,2MASS J04295422+1754041
2MASS J04295950+2433078,Gaia DR2 146366442430208640,,04 29 59.52,+24 33 07.9,8.184,-21.444,7.656,GaiaDR2,17.540,17,16,1,1,1,0,*,2MASS J04295950+2433078
2MASS J04300357+1813494,Gaia DR2 3314508626912469888,UXTauB,04 30 03.59,+18 13 49.2,13.863,-20.037,7.331,GaiaDR2,24.000,1,0,0,0,1,0,,2MASS J04300357+1813494
,Gaia DR2 3314508622617470848,UXTauC,04 30 04.00,+18 13 46.5,12.333,-19.873,6.880,GaiaDR2,,,0,0,0,1,0,,Gaia DR2 3314508622617470848
2MASS J04300399+1813493,Gaia DR2 3314508622616073472,UXTauA,04 30 04.01,+18 13 49.4,12.860,-17.793,7.177,GaiaDR2,15.450,15,0,0,1,1,0,,2MASS J04300399+1813493
2MASS J04300724+2608207,Gaia DR2 151296579553731456,KPNO6,04 30 07.25,+26 08 20.8,2.667,-21.925,8.646,GaiaDR2,,,0,0,1,1,0,,2MASS J04300724+2608207
2MASS J04302365+2359129,Gaia DR2 146285112929523456,,04 30 23.66,+23 59 12.8,4.732,-21.971,7.699,GaiaDR2,,,0,0,1,1,0,,2MASS J04302365+2359129
2MASS J04302961+2426450,Gaia DR2 146361013591547776,FXTauB,04 30 29.62,+24 26 44.9,,,,,16.363,15,0,0,1,1,0,,V* FX Tau B
2MASS J04302961+2426450,Gaia DR2 146361013590374144,FXTauA,04 30 29.62,+24 26 44.9,,,,,16.363,15,0,0,1,1,0,,V* FX Tau A
2MASS J04304184+1719428,Gaia DR2 3314102254287178752,,04 30 41.86,+17 19 42.5,11.632,-18.849,6.927,GaiaDR2,,,20,0,0,0,1,,2MASS J04304184+1719428
2MASS J04304425+2601244,Gaia DR2 151106780654065792,DKTauA,04 30 44.25,+26 01 24.4,6.244,-21.203,7.811,GaiaDR2,16.290,15,16,0,1,1,0,,V* DK Tau A
2MASS J04304425+2601244,Gaia DR2 151106780653458944,DKTauB,04 30 44.40,+26 01 23.2,8.574,-21.730,7.218,GaiaDR2,,,0,0,0,1,0,,V* DK Tau B
2MASS J04305028+2300088,Gaia DR2 145921994918655488,IRAS04278+2253A,04 30 50.28,+23 00 09.0,11.851,-15.679,8.077,GaiaDR2,15.950,17,0,0,1,1,0,,2MASS J04305028+2300088
,Gaia DR2 145921999215653632,IRAS04278+2253B,04 30 50.38,+23 00 08.4,10.590,-13.834,7.939,GaiaDR2,,,0,0,0,1,0,,Gaia DR2 145921999215653632
2MASS J04305137+2442222,Gaia DR2 147869784062378624,ZZTau,04 30 51.38,+24 42 22.3,7.045,-20.944,7.480,GaiaDR2,17.710,17,0,0,1,1,0,,2MASS J04305137+2442222
2MASS J04305171+2441475,Gaia DR2 147869573608324992,ZZTauIRS,04 30 51.72,+24 41 47.4,11.520,-24.497,9.543,GaiaDR2,18.160,17,0,0,1,1,0,,2MASS J04305171+2441475
2MASS J04305718+2556394,Gaia DR2 151102790629500288,KPNO7,04 30 57.19,+25 56 39.5,5.424,-23.019,8.172,GaiaDR2,,,16,0,1,1,0,,2MASS J04305718+2556394
2MASS J04311444+2710179,Gaia DR2 151793082068521856,JH56,04 31 14.45,+27 10 18.1,9.172,-27.575,7.874,GaiaDR2,16.640,17,11,1,1,1,0,*,2MASS J04311444+2710179
2MASS J04311578+1820072,Gaia DR2 3314328822401984768,MHO9,04 31 15.79,+18 20 07.1,12.327,-18.074,7.062,GaiaDR2,13.800,10,20,1,1,1,0,*,2MASS J04311578+1820072
2MASS J04311907+2335047,Gaia DR2 146050057959093632,,04 31 19.08,+23 35 04.6,8.083,-16.604,5.859,GaiaDR2,19.260,17,18,0,1,1,0,,2MASS J04311907+2335047
2MASS J04312382+2410529,,V927TauA+B,04 31 23.83,+24 10 53.0,,,,,16.490,17,0,0,1,1,0,,2MASS J04312382+2410529
2MASS J04312405+1800215,Gaia DR2 3314299238667410176,MHO4,04 31 24.07,+18 00 21.6,10.692,-19.570,6.929,GaiaDR2,19.100,9,20,1,1,1,0,*,2MASS J04312405+1800215
2MASS J04312669+2703188,Gaia DR2 151787064819255936,,04 31 26.69,+27 03 18.7,13.988,-19.891,7.019,GaiaDR2,,,10,1,1,1,0,*,2MASS J04312669+2703188
2MASS J04313407+1808049,,L1551/IRS5,04 31 34.08,+18 08 04.9,,,,,,,0,0,1,1,0,,2MASS J04313407+1808049
2MASS J04313613+1813432,Gaia DR2 3314312226648610560,LkHa358,04 31 36.12,+18 13 43.3,11.776,-17.996,9.776,GaiaDR2,17.900,10,0,0,1,1,0,,2MASS J04313613+1813432
2MASS J04313747+1812244,,HH30,04 31 37.46,+18 12 24.5,,,,,,,0,0,1,1,0,,2MASS J04313747+1812244
2MASS J04313843+1813576,,HLTau,04 31 38.45,+18 13 57.7,,,,,,,0,0,1,1,0,,2MASS J04313843+1813576
2MASS J04314007+1813571,Gaia DR2 3314312604605602688,XZTauA+B,04 31 40.08,+18 13 57.4,10.858,-16.264,6.793,VLBI,18.300,15,20,1,1,1,0,*,2MASS J04314007+1813571
2MASS J04314444+1808315,,L1551NE,04 31 44.45,+18 08 31.6,,,,,,,0,0,1,1,0,,2MASS J04314444+1808315
2MASS J04314644+2506236,Gaia DR2 150908490604475520,,04 31 46.46,+25 06 23.2,9.733,-26.055,7.602,GaiaDR2,18.360,17,0,0,0,1,0,,2MASS J04314644+2506236
2MASS J04315056+2424180,Gaia DR2 147847072275324416,HKTauA+B,04 31 50.57,+24 24 18.0,4.464,-22.961,7.530,GaiaDR2,15.660,17,16,0,1,1,0,,2MASS J04315056+2424180
2MASS J04315779+1821380,Gaia DR2 3314326829537259648,V710TauA,04 31 57.79,+18 21 38.2,12.101,-17.661,6.930,GaiaDR2,15.750,15,20,1,1,1,0,*,2MASS J04315779+1821380
2MASS J04315779+1821350,Gaia DR2 3314326722162541056,V710TauB,04 31 57.81,+18 21 34.4,8.967,-18.463,7.026,GaiaDR2,,,0,0,0,1,0,,2MASS J04315779+1821350
2MASS J04315844+2543299,Gaia DR2 151037064744973696,J1-665,04 31 58.44,+25 43 30.0,7.549,-21.144,6.583,GaiaDR2,9.280,17,0,0,1,1,0,,2MASS J04315844+2543299
2MASS J04315919+2711190,Gaia DR2 151795487250202240,,04 31 59.20,+27 11 18.6,8.435,-27.385,7.686,GaiaDR2,,,11,1,0,0,1,*,2MASS J04315919+2711190
2MASS J04315968+1821305,Gaia DR2 3314326760817782528,LkHa267,04 31 59.69,+18 21 30.6,10.367,-17.164,6.467,GaiaDR2,,,20,1,1,1,0,*,2MASS J04315968+1821305
2MASS J04320157+1815229,,,04 32 01.57,+18 15 23.0,,,,,,,0,0,0,1,0,,2MASS J04320157+1815229
2MASS J04320329+2528078,Gaia DR2 151028990206478080,,04 32 03.29,+25 28 07.7,8.093,-22.810,7.699,GaiaDR2,16.830,17,16,0,1,1,0,,2MASS J04320329+2528078
2MASS J04320926+1757227,Gaia DR2 3314251749212034816,L1551-51,04 32 09.26,+17 57 22.7,11.837,-19.495,7.000,GaiaDR2,18.390,15,20,1,1,1,0,*,2MASS J04320926+1757227
2MASS J04321456+1820147,Gaia DR2 3314338163954491136,V827Tau,04 32 14.57,+18 20 14.6,9.550,-13.406,6.173,GaiaDR2,17.770,15,0,0,1,1,0,,2MASS J04321456+1820147
2MASS J04321540+2428597,Gaia DR2 147806733942555008,Haro6-13,04 32 15.41,+24 28 59.9,5.017,-21.378,7.695,GaiaDR2,15.500,17,0,0,1,1,0,,2MASS J04321540+2428597
2MASS J04321583+1801387,Gaia DR2 3314258999116827776,V826TauA+B,04 32 15.84,+18 01 38.6,11.948,-19.261,6.963,GaiaDR2,17.470,5,20,1,1,1,0,*,2MASS J04321583+1801387
2MASS J04321606+1812464,Gaia DR2 3314309890186259712,MHO5,04 32 16.08,+18 12 46.4,13.081,-17.566,6.945,GaiaDR2,20.800,9,20,1,1,1,0,*,2MASS J04321606+1812464
2MASS J04321786+2422149,Gaia DR2 147799209159857280,,04 32 17.86,+24 22 14.9,6.255,-22.196,8.083,GaiaDR2,15.810,17,16,1,1,1,0,*,2MASS J04321786+2422149
2MASS J04321885+2422271,Gaia DR2 147799312239072000,V928TauA+B,04 32 18.86,+24 22 27.1,,,,,15.380,15,0,0,1,1,0,,2MASS J04321885+2422271
2MASS J04322210+1827426,Gaia DR2 3314351053152780032,MHO6,04 32 22.10,+18 27 42.5,11.796,-18.596,7.076,GaiaDR2,13.600,10,20,1,1,1,0,*,2MASS J04322210+1827426
2MASS J04322329+2403013,Gaia DR2 146277553787186048,,04 32 23.30,+24 03 01.4,7.361,-22.425,7.708,GaiaDR2,16.070,17,16,1,1,1,0,*,2MASS J04322329+2403013
2MASS J04322415+2251083,Gaia DR2 145950895754320384,,04 32 24.17,+22 51 08.3,9.994,-17.425,6.466,GaiaDR2,16.510,17,18,1,1,1,0,*,2MASS J04322415+2251083
2MASS J04322464+2321382,Gaia DR2 146028102086382464,,04 32 24.66,+23 21 37.9,8.195,-21.952,7.612,GaiaDR2,17.010,17,16,0,0,0,1,,2MASS J04322464+2321382
2MASS J04322627+1827521,Gaia DR2 3314352530621527296,MHO7,04 32 26.28,+18 27 52.2,11.206,-17.254,6.784,GaiaDR2,16.900,10,20,1,1,1,0,*,2MASS J04322627+1827521
2MASS J04322873+2746117,Gaia DR2 151851867285622528,,04 32 28.75,+27 46 11.3,13.958,-20.798,6.788,GaiaDR2,,,10,1,0,0,1,*,2MASS J04322873+2746117
2MASS J04323028+1731303,Gaia DR2 3314132593936245248,GGTauBa,04 32 30.29,+17 31 30.4,12.675,-20.399,6.694,GaiaDR2,16.800,9,20,1,1,1,0,*,Gaia DR2 3314132593936245248
2MASS J04323034+1731406,Gaia DR2 3314132593936244992,GGTauAa+Ab,04 32 30.36,+17 31 40.8,28.905,-39.615,-6.623,GaiaDR2,18.080,15,0,0,1,1,0,,2MASS J04323034+1731406
,Gaia DR2 3314132593934981248,GGTauBb,04 32 30.36,+17 31 29.1,13.525,-19.557,7.230,GaiaDR2,,,0,0,0,1,0,,Gaia DR2 3314132593934981248
2MASS J04323054+2328564,Gaia DR2 146055624236793472,,04 32 30.56,+23 28 56.2,11.263,-17.762,6.602,GaiaDR2,,,0,0,0,0,1,,2MASS J04323054+2328564
2MASS J04323058+2419572,Gaia DR2 147796013704189440,FYTau,04 32 30.58,+24 19 57.4,6.651,-21.855,7.710,GaiaDR2,15.820,17,16,1,1,1,0,*,2MASS J04323058+2419572
2MASS J04323176+2420029,Gaia DR2 147796013704188928,FZTau,04 32 31.75,+24 20 03.1,7.121,-21.497,7.721,GaiaDR2,16.000,17,16,1,1,1,0,*,2MASS J04323176+2420029
2MASS J04323205+2257266,,IRAS04295+2251,04 32 32.06,+22 57 26.6,,,,,15.830,17,0,0,1,1,0,,2MASS J04323205+2257266
2MASS J04324107+1809239,Gaia DR2 3314261649113588608,RXJ0432.7+1809,04 32 41.09,+18 09 23.7,12.503,-19.279,6.925,GaiaDR2,,,20,1,0,1,0,*,2MASS J04324107+1809239
2MASS J04324282+2552314,Gaia DR2 151045650384745216,UZTauBa+Bb,04 32 42.81,+25 52 30.9,,,,,,,0,0,0,1,0,,2MASS J04324282+2552314
2MASS J04324303+2552311,Gaia DR2 151045650384137600,UZTauA,04 32 43.03,+25 52 31.1,3.403,-22.589,7.652,GaiaDR2,18.030,15,0,0,1,1,0,,2MASS J04324303+2552311
2MASS J04324373+1802563,Gaia DR2 3314258591096887552,L1551-55,04 32 43.73,+18 02 56.4,12.264,-18.469,6.656,GaiaDR2,18.264,15,20,1,1,1,0,*,2MASS J04324373+1802563
2MASS J04324911+2253027,Gaia DR2 145951789107603200,JH112A,04 32 49.10,+22 53 02.8,7.429,-15.794,6.108,GaiaDR2,,,18,1,1,1,0,*,2MASS J04324911+2253027
2MASS J04324938+2253082,Gaia DR2 145951789107603072,JH112B,04 32 49.39,+22 53 07.9,10.877,-18.007,6.094,GaiaDR2,16.150,17,0,0,0,1,0,,2MASS J04324938+2253082
2MASS J04325026+2422115,Gaia DR2 147801270743616896,,04 32 50.26,+24 22 11.6,7.042,-25.073,11.886,GaiaDR2,15.760,17,0,0,1,1,0,,2MASS J04325026+2422115
2MASS J04325119+1730092,Gaia DR2 3313381382679891456,LH0429+17,04 32 51.19,+17 30 09.4,11.665,-20.388,7.201,GaiaDR2,,,20,1,1,1,0,*,2MASS J04325119+1730092
2MASS J04325323+1735337,Gaia DR2 3313476524795016448,RXJ0432.8+1735,04 32 53.25,+17 35 33.3,11.949,-20.055,6.842,GaiaDR2,18.039,15,20,1,0,1,0,*,2MASS J04325323+1735337
2MASS J04330197+2421000,Gaia DR2 147801339463632000,MHO8,04 33 01.99,+24 21 00.0,6.369,-20.474,7.828,GaiaDR2,17.140,17,0,0,1,1,0,,2MASS J04330197+2421000
2MASS J04330452+2633369,Gaia DR2 151526175620701824,,04 33 04.53,+26 33 36.8,8.597,-15.241,6.401,GaiaDR2,,,0,0,0,0,1,,2MASS J04330452+2633369
2MASS J04330622+2409339,Gaia DR2 147778284078308096,GHTauA+B,04 33 06.22,+24 09 33.8,,,,,16.700,15,0,0,1,1,0,,2MASS J04330622+2409339
2MASS J04330664+2409549,Gaia DR2 147778490237623808,V807TauA+B,04 33 06.65,+24 09 55.1,8.573,-28.774,7.899,VLBI,16.850,15,0,0,1,1,0,,2MASS J04330664+2409549
2MASS J04330781+2616066,Gaia DR2 151130591952773632,KPNO14,04 33 07.80,+26 16 06.6,7.168,-17.312,6.598,GaiaDR2,17.070,17,0,0,1,1,0,,2MASS J04330781+2616066
2MASS J04330945+2246487,Gaia DR2 145947077527182848,,04 33 09.46,+22 46 48.7,10.667,-16.762,6.742,GaiaDR2,16.310,17,0,0,1,1,0,,2MASS J04330945+2246487
2MASS J04331003+2433433,Gaia DR2 147831571737487488,V830Tau,04 33 10.03,+24 33 43.6,7.247,-21.230,7.687,GaiaDR2,18.200,15,16,1,1,1,0,*,2MASS J04331003+2433433
2MASS J04331435+2614235,Gaia DR2 151130317074279552,IRAS04301+2608,04 33 14.35,+26 14 23.6,8.934,-19.171,4.449,GaiaDR2,,,0,0,1,1,0,,2MASS J04331435+2614235
2MASS J04331650+2253204,,IRAS04302+2247,04 33 16.51,+22 53 20.4,,,,,-36.910,17,0,0,1,1,0,,2MASS J04331650+2253204
2MASS J04331907+2246342,Gaia DR2 145196527698016512,IRAS04303+2240,04 33 19.08,+22 46 34.3,10.941,-20.154,6.802,GaiaDR2,42.070,17,0,0,1,1,0,,2MASS J04331907+2246342
2MASS J04332621+2245293,Gaia DR2 145196252820109440,XEST17-036,04 33 26.21,+22 45 29.5,8.615,-16.750,6.313,GaiaDR2,16.740,17,18,1,1,1,0,*,2MASS J04332621+2245293
2MASS J04332789+1758436,Gaia DR2 3314243782049750144,,04 33 27.91,+17 58 43.5,10.473,-19.371,8.071,GaiaDR2,,,0,0,0,1,0,,2MASS J04332789+1758436
2MASS J04333278+1800436,Gaia DR2 3314244366165299584,,04 33 32.78,+18 00 43.6,13.569,-18.046,6.824,GaiaDR2,,,20,1,1,1,0,*,2MASS J04333278+1800436
2MASS J04333297+1801004,Gaia DR2 3314244361868283520,HD28867B,04 33 32.85,+18 01 00.3,12.434,-19.565,6.697,GaiaDR2,-14.700,13,20,1,0,1,0,*,HD  28867B
2MASS J04333297+1801004,Gaia DR2 3314244361868724224,HD28867A+C,04 33 33.06,+18 00 59.9,8.012,-19.606,6.449,GaiaDR2,,,0,0,1,1,0,,HD  28867A
2MASS J04333405+2421170,Gaia DR2 147790202612482560,GITau,04 33 34.06,+24 21 16.9,5.883,-20.551,7.693,GaiaDR2,17.290,15,16,1,1,1,0,*,2MASS J04333405+2421170
2MASS J04333456+2421058,Gaia DR2 147790206908395776,GKTau,04 33 34.56,+24 21 05.8,7.753,-20.483,7.766,GaiaDR2,18.600,2,16,1,1,1,0,*,2MASS J04333456+2421058
2MASS J04333678+2609492,Gaia DR2 151125919028356352,ISTauA+B,04 33 36.79,+26 09 49.3,8.158,-17.370,7.526,GaiaDR2,16.390,17,0,0,1,1,0,,2MASS J04333678+2609492
2MASS J04333905+2227207,Gaia DR2 145081590077487360,,04 33 39.07,+22 27 20.9,,,,,17.090,17,0,0,1,1,0,,2MASS J04333905+2227207
2MASS J04333906+2520382,Gaia DR2 148010281032823552,DLTau,04 33 39.07,+25 20 38.4,9.329,-18.290,6.306,GaiaDR2,13.940,15,13,1,1,1,0,*,2MASS J04333906+2520382
,Gaia DR2 3314237734735803648,HNTauB,04 33 39.23,+17 51 49.6,8.554,-17.395,6.722,GaiaDR2,,,0,0,0,1,0,,Gaia DR2 3314237734735803648
2MASS J04333935+1751523,Gaia DR2 3314237734735803392,HNTauA,04 33 39.36,+17 51 52.2,13.163,-18.613,7.352,GaiaDR2,4.600,15,0,0,1,1,0,,2MASS J04333935+1751523
2MASS J04334171+1750402,Gaia DR2 3314236974524627712,,04 33 41.71,+17 50 40.2,12.727,-19.776,6.864,GaiaDR2,,,20,1,1,1,0,*,2MASS J04334171+1750402
2MASS J04334291+2526470,Gaia DR2 148017561002336384,,04 33 42.91,+25 26 47.0,5.130,-22.775,7.655,GaiaDR2,,,16,0,1,1,0,,2MASS J04334291+2526470
2MASS J04334298+2235566,Gaia DR2 145189273497485312,,04 33 43.01,+22 35 56.0,6.375,-20.321,7.114,GaiaDR2,16.950,17,0,0,0,0,1,,2MASS J04334298+2235566
2MASS J04334465+2615005,Gaia DR2 151129011404806912,,04 33 44.64,+26 15 00.4,6.506,-17.315,5.802,GaiaDR2,15.850,17,0,0,1,1,0,,2MASS J04334465+2615005
2MASS J04334871+1810099,Gaia DR2 3314282402395528192,DMTau,04 33 48.72,+18 10 09.8,11.788,-18.361,6.920,GaiaDR2,18.607,15,20,1,1,1,0,*,2MASS J04334871+1810099
2MASS J04335200+2250301,Gaia DR2 145203159127518336,CITau,04 33 52.01,+22 50 30.1,8.904,-17.067,6.331,GaiaDR2,16.840,17,18,1,1,1,0,*,2MASS J04335200+2250301
2MASS J04335245+2612548,Gaia DR2 151127911893054464,,04 33 52.46,+26 12 54.7,,,,,,,0,0,1,1,0,,2MASS J04335245+2612548
2MASS J04335252+2256269,,XEST17-059,04 33 52.51,+22 56 26.9,,,,,26.670,17,0,0,1,1,0,,2MASS J04335252+2256269
2MASS J04335283+1803166,Gaia DR2 3314267593348429952,,04 33 52.86,+18 03 16.3,10.960,-18.274,6.794,GaiaDR2,,,20,1,0,0,1,*,2MASS J04335283+1803166
,,UGCS J043354.07+225119.1,04 33 54.07,+22 51 19.2,,,,,,,0,0,0,1,0,,UGCS J043354.07+225119.1
2MASS J04335470+2613275,Gaia DR2 151127907599718528,ITTauB,04 33 54.59,+26 13 25.5,7.678,-18.564,5.458,GaiaDR2,,,0,0,0,1,0,,V* IT Tau B
2MASS J04335470+2613275,Gaia DR2 151127907597788672,ITTauA,04 33 54.72,+26 13 27.2,9.465,-17.466,6.203,GaiaDR2,,,13,1,1,1,0,*,V* IT Tau A
2MASS J04335546+1838390,,J2-2041,04 33 55.46,+18 38 39.1,,,,,,,0,0,1,1,0,,2MASS J04335546+1838390
2MASS J04340619+2418508,Gaia DR2 147786354323787008,,04 34 06.20,+24 18 50.5,6.380,-20.905,7.584,GaiaDR2,,,16,1,0,1,0,*,2MASS J04340619+2418508
2MASS J04341099+2251445,Gaia DR2 145203811962545152,JH108,04 34 10.99,+22 51 44.6,8.903,-17.267,6.212,GaiaDR2,16.510,17,18,1,1,1,0,*,2MASS J04341099+2251445
2MASS J04341527+2250309,Gaia DR2 145203704587705088,CFHT1,04 34 15.26,+22 50 30.8,10.082,-17.498,5.845,GaiaDR2,17.140,17,18,1,1,1,0,*,2MASS J04341527+2250309
2MASS J04341755+1711312,Gaia DR2 3313311018233390208,,04 34 17.57,+17 11 30.9,13.076,-19.823,7.027,GaiaDR2,,,20,1,0,0,1,*,2MASS J04341755+1711312
2MASS J04341803+1830066,,HBC407,04 34 18.05,+18 30 06.5,,,,,17.750,15,0,0,1,0,0,,2MASS J04341803+1830066
2MASS J04343128+1722201,Gaia DR2 3313455329134355456,,04 34 31.30,+17 22 19.8,12.135,-19.784,6.815,GaiaDR2,,,20,1,0,1,0,*,2MASS J04343128+1722201
2MASS J04343609+2225143,Gaia DR2 145125987155266048,,04 34 36.11,+22 25 14.1,12.006,-17.867,6.017,GaiaDR2,,,18,0,0,0,1,,2MASS J04343609+2225143
2MASS J04344544+2308027,Gaia DR2 145982742935380096,,04 34 45.43,+23 08 02.8,10.958,-17.550,6.011,GaiaDR2,18.150,17,18,1,1,1,0,*,2MASS J04344544+2308027
2MASS J04345542+2428531,Gaia DR2 147818450613367424,AATau,04 34 55.42,+24 28 53.0,3.483,-20.987,7.319,GaiaDR2,16.980,15,0,0,1,1,0,,2MASS J04345542+2428531
2MASS J04345693+2258358,Gaia DR2 145225596036660224,XEST08-003,04 34 56.93,+22 58 35.8,11.705,-16.411,6.177,GaiaDR2,17.920,17,18,1,1,1,0,*,2MASS J04345693+2258358
2MASS J04345923+1733379,Gaia DR2 3313463953428629632,,04 34 59.25,+17 33 37.7,13.163,-20.553,7.025,GaiaDR2,,,20,1,0,0,1,*,2MASS J04345923+1733379
2MASS J04350850+2311398,Gaia DR2 145238687096970496,,04 35 08.52,+23 11 39.8,7.236,-20.977,7.724,GaiaDR2,15.990,17,16,0,1,1,0,,2MASS J04350850+2311398
2MASS J04351316+1725496,Gaia DR2 3313414750283302400,,04 35 13.18,+17 25 49.5,11.307,-18.033,6.537,GaiaDR2,,,20,0,0,1,0,,2MASS J04351316+1725496
2MASS J04352020+2232146,Gaia DR2 145132927822383616,HOTau,04 35 20.21,+22 32 14.6,9.832,-16.630,6.226,GaiaDR2,16.540,17,18,1,1,1,0,*,2MASS J04352020+2232146
2MASS J04352089+2254242,Gaia DR2 145213875069914496,FFTauA+B,04 35 20.90,+22 54 24.1,9.723,-19.245,6.209,GaiaDR2,14.165,15,18,1,1,1,0,*,2MASS J04352089+2254242
2MASS J04352450+1751429,Gaia DR2 3313508208769176704,HBC412A+B,04 35 24.50,+17 51 42.8,,,,,18.587,15,0,0,1,1,0,,2MASS J04352450+1751429
2MASS J04352737+2414589,Gaia DR2 147606657186323712,DNTau,04 35 27.38,+24 14 58.9,6.055,-20.771,7.829,GaiaDR2,16.300,15,16,1,1,1,0,*,2MASS J04352737+2414589
2MASS J04353164+2715081,Gaia DR2 151574107455728256,,04 35 31.67,+27 15 07.6,8.852,-27.174,7.854,GaiaDR2,,,12,1,0,0,1,*,2MASS J04353164+2715081
2MASS J04353536+2408266,,IRAS04325+2402C,04 35 35.30,+24 08 27.6,,,,,,,0,0,1,1,0,,2MASS J04353536+2408266
2MASS J04353539+2408194,,IRAS04325+2402A+B,04 35 35.40,+24 08 19.3,,,,,,,0,0,1,1,0,,2MASS J04353539+2408194
2MASS J04354093+2411087,Gaia DR2 147605282796916992,CoKuTau3A,04 35 40.94,+24 11 08.9,5.903,-21.527,8.015,GaiaDR2,17.610,17,16,1,1,1,0,*,Gaia DR2 147605282796916992
,Gaia DR2 147605278502447744,CoKuTau3B,04 35 40.97,+24 11 06.5,4.942,-21.696,8.294,GaiaDR2,,,0,0,0,1,0,,Gaia DR2 147605278502447744
2MASS J04354183+2234115,Gaia DR2 145133786815830784,KPNO8,04 35 41.83,+22 34 11.6,10.962,-17.962,6.555,GaiaDR2,15.700,17,18,1,1,1,0,*,2MASS J04354183+2234115
2MASS J04354203+2252226,Gaia DR2 145212711134828672,XEST08-033,04 35 42.05,+22 52 22.8,10.020,-16.770,6.200,GaiaDR2,16.790,17,18,1,1,1,0,*,2MASS J04354203+2252226
2MASS J04354526+2737130,Gaia DR2 151870352825256576,,04 35 45.26,+27 37 13.1,14.201,-25.788,8.865,GaiaDR2,,,0,0,1,1,0,,2MASS J04354526+2737130
2MASS J04354733+2250216,Gaia DR2 145209618758377856,HQTau,04 35 47.35,+22 50 21.8,13.520,-15.901,6.334,GaiaDR2,16.650,15,0,0,1,1,0,,2MASS J04354733+2250216
2MASS J04354778+2523436,Gaia DR2 148021722825803904,,04 35 47.80,+25 23 43.3,8.267,-21.161,7.724,GaiaDR2,,,0,0,0,1,0,,2MASS J04354778+2523436
2MASS J04355109+2252401,Gaia DR2 145210099794710272,KPNO15,04 35 51.10,+22 52 40.1,6.316,-28.151,6.191,GaiaDR2,12.210,17,0,0,1,1,0,,2MASS J04355109+2252401
2MASS J04355143+2249119,Gaia DR2 145209339585095424,KPNO9,04 35 51.43,+22 49 12.0,10.976,-16.057,6.206,GaiaDR2,,,18,1,1,1,0,*,2MASS J04355143+2249119
2MASS J04355209+2255039,Gaia DR2 145213295250374016,XEST08-047,04 35 52.10,+22 55 04.1,8.776,-8.093,6.311,GaiaDR2,,,0,0,1,1,0,,2MASS J04355209+2255039
2MASS J04355277+2254231,Gaia DR2 145213187879627776,HPTau,04 35 52.78,+22 54 23.0,8.822,-13.950,5.675,GaiaDR2,17.700,2,0,0,1,1,0,,2MASS J04355277+2254231
2MASS J04355286+2250585,Gaia DR2 145209442664192896,XEST08-049,04 35 52.87,+22 50 58.6,10.950,-16.530,6.419,GaiaDR2,17.090,17,18,1,1,1,0,*,2MASS J04355286+2250585
2MASS J04355349+2254089,Gaia DR2 145213192171160064,HPTau/G3,04 35 53.50,+22 54 09.0,11.375,-18.477,6.393,GaiaDR2,,,18,1,1,1,0,*,2MASS J04355349+2254089
2MASS J04355415+2254134,Gaia DR2 145213192171159552,HPTau/G2,04 35 54.14,+22 54 13.3,11.248,-15.686,6.145,VLBI,16.600,15,18,1,1,1,0,*,2MASS J04355415+2254134
2MASS J04355568+1707395,Gaia DR2 3313386609655429248,,04 35 55.61,+17 07 38.1,13.435,-19.338,6.452,GaiaDR2,,,0,0,0,0,1,,2MASS J04355568+1707395
2MASS J04355568+1707395,Gaia DR2 3313386605360382720,,04 35 55.69,+17 07 39.6,11.669,-18.889,7.032,GaiaDR2,,,20,0,0,0,1,,2MASS J04355568+1707395
2MASS J04355684+2254360,Gaia DR2 145213226530896896,Haro6-28A+B,04 35 56.83,+22 54 36.0,,,,,16.000,17,0,0,1,1,0,,2MASS J04355684+2254360
2MASS J04355683+2352049,Gaia DR2 147523605402800256,RXJ0435.9+2352,04 35 56.84,+23 52 04.7,7.188,-21.045,7.954,GaiaDR2,,,0,0,0,1,0,,2MASS J04355683+2352049
2MASS J04355694+2351472,Gaia DR2 147523609698860160,,04 35 56.95,+23 51 47.0,8.529,-21.341,7.878,GaiaDR2,,,17,1,0,0,1,*,2MASS J04355694+2351472
2MASS J04355760+2253574,Gaia DR2 145210267297932416,,04 35 57.62,+22 53 57.2,,,,,,,0,0,0,1,0,,2MASS J04355760+2253574
2MASS J04355881+2438404,Gaia DR2 147727672184672640,,04 35 58.83,+24 38 40.2,10.201,-15.047,6.131,GaiaDR2,17.430,17,18,0,0,1,0,,2MASS J04355881+2438404
2MASS J04355892+2238353,Gaia DR2 145157941711889536,XEST09-042,04 35 58.92,+22 38 35.2,10.809,-15.773,6.322,GaiaDR2,17.410,17,18,1,1,1,0,*,2MASS J04355892+2238353
2MASS J04355949+2238291,Gaia DR2 145157937416226176,,04 35 59.51,+22 38 28.8,11.847,-16.940,7.156,GaiaDR2,,,0,0,0,1,0,,2MASS J04355949+2238291
2MASS J04360131+1726120,Gaia DR2 3313412963576880000,,04 36 01.33,+17 26 11.8,12.519,-18.624,6.897,GaiaDR2,,,20,1,0,1,0,*,2MASS J04360131+1726120
2MASS J04360678+2425500,,,04 36 06.79,+24 25 50.1,,,,,,,0,0,0,1,0,,2MASS J04360678+2425500
2MASS J04361030+2159364,Gaia DR2 144911784251503616,,04 36 10.32,+21 59 36.6,9.699,-23.523,8.487,GaiaDR2,,,0,0,1,1,0,,2MASS J04361030+2159364
2MASS J04361038+2259560,Gaia DR2 145220064117853696,CFHT2,04 36 10.39,+22 59 56.0,10.807,-15.959,5.870,GaiaDR2,16.580,17,0,0,1,1,0,,2MASS J04361038+2259560
2MASS J04361909+2542589,Gaia DR2 148037764527442944,LkCa14,04 36 19.08,+25 42 59.0,8.912,-27.474,7.842,GaiaDR2,16.650,15,0,0,1,1,0,,2MASS J04361909+2542589
2MASS J04362151+2351165,Gaia DR2 147546080967742720,,04 36 21.53,+23 51 16.6,-1.540,-19.482,8.691,GaiaDR2,15.860,17,0,0,1,0,0,,2MASS J04362151+2351165
2MASS J04363248+2421395,Gaia DR2 147614422487144960,,04 36 32.51,+24 21 39.4,8.907,-14.472,6.324,GaiaDR2,15.850,17,0,0,0,1,0,,2MASS J04363248+2421395
2MASS J04363893+2258119,Gaia DR2 145217379763796992,CFHT3,04 36 38.95,+22 58 12.0,9.548,-15.974,5.468,GaiaDR2,16.760,17,0,0,1,1,0,,2MASS J04363893+2258119
2MASS J04372171+2651014,Gaia DR2 151499478104075008,,04 37 21.73,+26 51 01.1,8.634,-26.989,7.785,GaiaDR2,,,12,1,0,1,0,*,2MASS J04372171+2651014
2MASS J04373705+2331080,,,04 37 37.06,+23 31 08.0,,,,,,,0,0,1,1,0,,2MASS J04373705+2331080
2MASS J04375670+2546229,Gaia DR2 148369409017865984,ITG1,04 37 56.71,+25 46 22.8,-2.727,2.468,1.153,GaiaDR2,,,0,0,1,0,0,,2MASS J04375670+2546229
2MASS J04380083+2558572,Gaia DR2 148420639387738112,ITG2,04 38 00.84,+25 58 57.4,4.902,-22.632,6.903,GaiaDR2,19.680,17,0,0,1,1,0,,2MASS J04380083+2558572
2MASS J04381486+2611399,Gaia DR2 148450875956969344,,04 38 14.86,+26 11 39.8,4.014,-23.168,6.907,GaiaDR2,,,0,0,1,1,0,,2MASS J04381486+2611399
2MASS J04381630+2326402,Gaia DR2 146758968080949504,,04 38 16.30,+23 26 40.2,7.849,-21.799,7.970,GaiaDR2,15.720,17,17,1,1,1,0,*,2MASS J04381630+2326402
2MASS J04382134+2609137,Gaia DR2 148449845165337600,GMTau,04 38 21.34,+26 09 13.7,5.469,-22.974,7.260,GaiaDR2,16.460,17,14,0,1,1,0,,2MASS J04382134+2609137
2MASS J04382858+2610494,Gaia DR2 148449913884294528,DOTau,04 38 28.58,+26 10 49.4,6.128,-21.340,7.205,GaiaDR2,16.040,15,14,1,1,1,0,*,2MASS J04382858+2610494
2MASS J04383528+2610386,Gaia DR2 148450085683504896,HVTauA+B,04 38 35.28,+26 10 38.6,4.888,-21.783,7.495,GaiaDR2,18.780,17,14,0,1,1,0,,2MASS J04383528+2610386
,,HVTauC,04 38 35.51,+26 10 41.3,,,,,,,0,0,0,1,0,,V* HV Tau C
2MASS J04383885+1546045,Gaia DR2 3309970392669539584,,04 38 38.87,+15 46 04.2,12.362,-20.101,7.223,GaiaDR2,,,20,0,0,0,1,,2MASS J04383885+1546045
2MASS J04383907+1546137,Gaia DR2 3309970392669539200,HD285957,04 38 39.09,+15 46 13.3,12.924,-19.961,7.215,GaiaDR2,17.991,15,20,0,0,1,0,,2MASS J04383907+1546137
2MASS J04384502+1737433,Gaia DR2 3409319239697943296,,04 38 45.04,+17 37 43.1,11.613,-18.624,6.784,GaiaDR2,,,20,0,0,1,0,,2MASS J04384502+1737433
2MASS J04384725+1737260,Gaia DR2 3409319342777158272,,04 38 47.27,+17 37 25.8,11.289,-18.369,6.894,GaiaDR2,,,20,0,0,1,0,,2MASS J04384725+1737260
2MASS J04385859+2336351,Gaia DR2 146767764173923328,,04 38 58.61,+23 36 35.3,8.642,-21.198,7.915,GaiaDR2,15.620,17,17,1,1,1,0,*,2MASS J04385859+2336351
2MASS J04385871+2323595,Gaia DR2 146709146460303744,,04 38 58.70,+23 23 59.6,7.156,-21.448,7.758,GaiaDR2,15.400,16,17,0,1,1,0,,2MASS J04385871+2323595
2MASS J04390163+2336029,Gaia DR2 146764809236423808,,04 39 01.63,+23 36 02.9,8.567,-21.851,7.854,GaiaDR2,16.600,16,17,1,1,1,0,*,2MASS J04390163+2336029
2MASS J04390396+2544264,Gaia DR2 148354733113981696,,04 39 03.96,+25 44 26.5,7.037,-20.606,6.975,GaiaDR2,16.500,17,14,1,1,1,0,*,2MASS J04390396+2544264
2MASS J04390453+2333199,Gaia DR2 146764053322185472,,04 39 04.55,+23 33 19.6,,,,,,,0,0,0,1,0,,2MASS J04390453+2333199
2MASS J04390525+2337450,Gaia DR2 146764946675371136,,04 39 05.26,+23 37 45.1,,,,,15.430,17,0,0,1,1,0,,2MASS J04390525+2337450
2MASS J04390571+2338112,Gaia DR2 146767935972608128,,04 39 05.73,+23 38 10.9,8.741,-22.411,7.849,GaiaDR2,,,17,1,0,0,1,*,2MASS J04390571+2338112
2MASS J04390637+2334179,Gaia DR2 146764465639042176,,04 39 06.38,+23 34 18.1,8.176,-21.820,8.085,GaiaDR2,15.550,17,17,1,1,1,0,*,2MASS J04390637+2334179
2MASS J04390940+2324007,Gaia DR2 146708734143437568,,04 39 09.41,+23 24 00.3,7.815,-21.293,7.990,GaiaDR2,15.620,17,17,1,0,0,1,*,2MASS J04390940+2324007
2MASS J04391389+2553208,,IRAS04361+2547,04 39 13.90,+25 53 20.8,,,,,23.110,17,0,0,1,1,0,,2MASS J04391389+2553208
2MASS J04391741+2247533,Gaia DR2 146469246765971200,VYTauA+B,04 39 17.40,+22 47 53.5,8.910,-19.195,6.596,GaiaDR2,17.716,15,0,0,1,1,0,,2MASS J04391741+2247533
2MASS J04391779+2221034,Gaia DR2 144936836795636864,LkCa15,04 39 17.81,+22 21 03.6,10.471,-17.383,6.325,GaiaDR2,17.650,15,18,0,1,1,0,,2MASS J04391779+2221034
2MASS J04392090+2545021,Gaia DR2 148378033311467904,GNTauA,04 39 20.90,+25 45 02.2,,,,,16.700,9,0,0,1,1,0,,V* GN Tau A
2MASS J04392090+2545021,Gaia DR2 148378033312276864,GNTauB,04 39 20.90,+25 45 02.2,,,,,16.700,9,0,0,1,1,0,,V* GN Tau B
2MASS J04393364+2359212,Gaia DR2 146881048231272192,,04 39 33.65,+23 59 21.1,7.279,-20.993,7.897,GaiaDR2,15.330,17,17,0,1,1,0,,2MASS J04393364+2359212
2MASS J04393519+2541447,,IRAS04365+2535,04 39 35.18,+25 41 44.9,,,,,,,0,0,1,1,0,,2MASS J04393519+2541447
2MASS J04394488+2601527,Gaia DR2 148400229703257856,ITG15,04 39 44.88,+26 01 52.7,7.459,-22.107,7.337,GaiaDR2,15.740,17,14,1,1,1,0,*,2MASS J04394488+2601527
2MASS J04394748+2601407,Gaia DR2 148400156688543104,CFHT4,04 39 47.47,+26 01 40.8,6.628,-21.865,6.827,GaiaDR2,,,14,1,1,1,0,*,2MASS J04394748+2601407
,,IRAS04368+2557,04 39 53.81,+26 03 10.4,,,,,,,0,0,1,1,0,,IRAS 04368+2557
2MASS J04395574+2545020,Gaia DR2 148374391180009600,IC2087IR,04 39 55.75,+25 45 02.2,6.192,-20.343,6.729,GaiaDR2,,,14,1,1,1,0,*,2MASS J04395574+2545020
2MASS J04400067+2358211,Gaia DR2 146874275068113664,,04 40 00.67,+23 58 21.0,8.620,-20.736,8.329,GaiaDR2,,,17,1,1,1,0,*,2MASS J04400067+2358211
2MASS J04400174+2556292,Gaia DR2 148386898123956480,,04 40 01.75,+25 56 29.4,,,,,,,0,0,1,1,0,,2MASS J04400174+2556292
2MASS J04400174+2556292,Gaia DR2 148386898124771328,,04 40 01.75,+25 56 29.4,,,,,,,0,0,1,1,0,,2MASS J04400174+2556292
2MASS J04400800+2605253,Gaia DR2 148401565437820928,IRAS04370+2559,04 40 07.99,+26 05 25.4,5.727,-20.132,7.366,GaiaDR2,17.220,17,15,1,1,1,0,*,2MASS J04400800+2605253
2MASS J04401428+2307544,Gaia DR2 146686292938953216,,04 40 14.30,+23 07 54.3,10.235,-16.533,6.591,GaiaDR2,,,18,0,0,0,1,,2MASS J04401428+2307544
2MASS J04401447+2729112,Gaia DR2 151639902060635520,,04 40 14.50,+27 29 10.9,10.266,-27.402,7.392,GaiaDR2,,,0,0,0,1,0,,2MASS J04401447+2729112
2MASS J04403979+2519061,Gaia DR2 148141775750936960,,04 40 39.79,+25 19 06.2,6.351,-20.568,6.600,GaiaDR2,15.840,17,0,0,1,1,0,,2MASS J04403979+2519061
2MASS J04404677+1928033,Gaia DR2 3410539044769663232,,04 40 46.79,+19 28 02.9,13.054,-20.044,6.841,GaiaDR2,,,20,0,0,0,1,,2MASS J04404677+1928033
,Gaia DR2 148381984682184320,JH223B,04 40 49.47,+25 51 20.7,4.425,-19.430,7.141,GaiaDR2,,,0,0,0,1,0,,Gaia DR2 148381984682184320
2MASS J04404950+2551191,Gaia DR2 148381984682184192,JH223A,04 40 49.51,+25 51 19.1,4.382,-19.630,7.176,GaiaDR2,16.150,17,15,1,1,1,0,*,2MASS J04404950+2551191
2MASS J04410424+2557561,Gaia DR2 148384527302822272,Haro6-32,04 41 04.25,+25 57 56.2,,,,,15.130,17,0,0,1,1,0,,2MASS J04410424+2557561
2MASS J04410470+2451062,Gaia DR2 148063641705483776,IWTauA+B,04 41 04.70,+24 51 06.1,,,,,15.880,15,0,0,1,1,0,,2MASS J04410470+2451062
2MASS J04410826+2556074,Gaia DR2 148384179410294272,ITG33A,04 41 08.26,+25 56 07.4,7.197,-21.951,7.131,GaiaDR2,,,14,1,1,1,0,*,2MASS J04410826+2556074
2MASS J04411078+2555116,Gaia DR2 148196510814073728,ITG34,04 41 10.78,+25 55 11.6,4.520,-20.112,6.407,GaiaDR2,15.420,17,0,0,1,1,0,,2MASS J04411078+2555116
2MASS J04411267+2546354,,IRAS04381+2540,04 41 12.67,+25 46 35.4,,,,,,,0,0,1,1,0,,2MASS J04411267+2546354
2MASS J04411296+1813194,Gaia DR2 3409647134680086784,,04 41 13.11,+18 13 19.0,10.431,-19.606,7.131,GaiaDR2,,,0,0,0,0,1,,2MASS J04411296+1813194
2MASS J04411681+2840000,Gaia DR2 158048409878217216,CoKuTau4,04 41 16.80,+28 40 00.1,4.136,-22.419,5.893,GaiaDR2,15.980,15,0,0,1,1,0,,2MASS J04411681+2840000
2MASS J04412464+2543530,,ITG40,04 41 24.65,+25 43 53.0,,,,,,,0,0,1,1,0,,2MASS J04412464+2543530
2MASS J04413882+2556267,Gaia DR2 148289831863907840,IRAS04385+2550,04 41 38.83,+25 56 26.9,2.504,-15.483,6.289,GaiaDR2,16.260,17,0,0,1,1,0,,2MASS J04413882+2556267
2MASS J04414489+2301513,Gaia DR2 146487556211644544,,04 41 44.90,+23 01 51.2,8.955,-21.431,8.334,GaiaDR2,,,17,0,1,1,0,,2MASS J04414489+2301513
2MASS J04414565+2301580,Gaia DR2 146487560507840768,,04 41 45.65,+23 01 58.1,8.300,-21.553,8.046,GaiaDR2,,,0,0,1,1,0,,2MASS J04414565+2301580
,Gaia DR2 147306318712708352,,04 41 46.98,+24 39 55.3,5.811,-18.726,7.914,GaiaDR2,,,0,0,0,0,1,,Gaia DR2 147306318712708352
2MASS J04414825+2534304,Gaia DR2 148172179824515968,,04 41 48.24,+25 34 30.4,4.511,-19.605,7.374,GaiaDR2,15.220,17,15,1,1,1,0,*,2MASS J04414825+2534304
2MASS J04420548+2522562,Gaia DR2 148116246465275520,LkHa332/G2A+B,04 42 05.50,+25 22 56.3,5.493,-18.990,8.168,GaiaDR2,14.060,17,0,0,1,1,0,,2MASS J04420548+2522562
2MASS J04420732+2523032,Gaia DR2 148116177745403776,LkHa332/G1A+B,04 42 07.32,+25 23 03.1,6.065,-17.499,7.319,VLBI,,,0,0,1,1,0,,2MASS J04420732+2523032
2MASS J04420777+2523118,Gaia DR2 148116276529733120,V955TauA+B,04 42 07.78,+25 23 11.8,-0.740,-14.148,6.275,GaiaDR2,15.700,4,0,0,1,1,0,,2MASS J04420777+2523118
2MASS J04422101+2520343,Gaia DR2 148112913570653568,CIDA7,04 42 21.02,+25 20 34.4,4.891,-19.424,7.374,GaiaDR2,16.040,17,15,1,1,1,0,*,2MASS J04422101+2520343
2MASS J04422776+2939448,Gaia DR2 158165714024754688,,04 42 27.78,+29 39 44.5,5.208,-21.338,6.229,GaiaDR2,,,0,0,0,0,1,,2MASS J04422776+2939448
2MASS J04423769+2515374,Gaia DR2 148099749495579648,DPTau,04 42 37.70,+25 15 37.4,,,,,18.560,17,0,0,1,1,0,,2MASS J04423769+2515374
2MASS J04430309+2520187,Gaia DR2 148106316500918272,GOTau,04 43 03.10,+25 20 18.6,4.727,-20.205,6.947,GaiaDR2,15.420,17,15,1,1,1,0,*,2MASS J04430309+2520187
2MASS J04432023+2940060,Gaia DR2 158494605440901760,CIDA14,04 43 20.23,+29 40 05.9,2.607,-22.062,5.872,GaiaDR2,,,0,0,1,1,0,,2MASS J04432023+2940060
2MASS J04434061+1810216,Gaia DR2 3409447332802321664,,04 43 40.64,+18 10 21.3,12.493,-19.117,6.747,GaiaDR2,,,20,0,0,0,1,,2MASS J04434061+1810216
2MASS J04440164+1621324,Gaia DR2 3406128761895775872,,04 44 01.65,+16 21 32.1,11.169,-19.144,6.808,GaiaDR2,,,20,0,0,1,0,,2MASS J04440164+1621324
2MASS J04442713+2512164,Gaia DR2 147441558642852736,IRAS04414+2506,04 44 27.12,+25 12 16.6,6.453,-20.154,7.122,GaiaDR2,,,14,1,1,1,0,*,2MASS J04442713+2512164
2MASS J04445445+2717454,Gaia DR2 154586318344905216,HD283782,04 44 54.47,+27 17 44.8,4.611,-23.733,5.984,GaiaDR2,,,0,0,0,1,0,,2MASS J04445445+2717454
2MASS J04451654+3141202,Gaia DR2 159525363231870848,PSOJ071.3189+31.6888,04 45 16.54,+31 41 19.9,5.096,-24.491,6.437,GaiaDR2,,,3,0,0,1,0,,2MASS J04451654+3141202
,Gaia DR2 157816859599833472,,04 45 50.47,+28 39 34.9,5.794,-26.683,6.167,GaiaDR2,,,3,0,0,0,1,,Gaia DR2 157816859599833472
2MASS J04455129+1555496,Gaia DR2 3309789385567829376,HD30171,04 45 51.29,+15 55 49.8,10.612,-16.187,5.437,GaiaDR2,21.130,15,0,0,1,1,0,,2MASS J04455129+1555496
2MASS J04455134+1555367,Gaia DR2 3309789385567829632,IRAS04429+1550,04 45 51.34,+15 55 36.8,11.714,-17.958,6.787,GaiaDR2,,,0,0,1,1,0,,2MASS J04455134+1555367
2MASS J04462480+1701415,Gaia DR2 3406179962200403584,PSOJ071.6033+17.0281,04 46 24.81,+17 01 41.2,3.584,-13.705,6.176,GaiaDR2,,,0,0,0,1,0,,2MASS J04462480+1701415
2MASS J04462561+1721214,Gaia DR2 3406294414490106624,,04 46 25.63,+17 21 21.1,4.251,-12.524,4.936,GaiaDR2,,,21,1,0,0,1,*,2MASS J04462561+1721214
2MASS J04464260+2459034,Gaia DR2 147373010964871040,RXJ04467+2459,04 46 42.60,+24 59 03.5,4.599,-19.522,6.513,GaiaDR2,,,0,0,1,1,0,,2MASS J04464260+2459034
2MASS J04464590+1659544,Gaia DR2 3406269778557780224,,04 46 45.91,+16 59 54.2,4.757,-13.190,5.232,GaiaDR2,,,21,1,0,0,1,*,2MASS J04464590+1659544
2MASS J04465305+1700001,Gaia DR2 3406269842981827712,DQTau,04 46 53.06,+17 00 00.4,4.740,-13.254,5.095,GaiaDR2,22.400,7,21,1,1,1,0,*,2MASS J04465305+1700001
2MASS J04465897+1702381,Gaia DR2 3406270362673331072,Haro6-37A,04 46 58.98,+17 02 37.7,6.184,-12.699,5.893,GaiaDR2,22.450,15,0,0,1,1,0,,NAME Haro 6-37 A
2MASS J04465897+1702381,Gaia DR2 3406270362673330944,Haro6-37B,04 46 59.09,+17 02 39.7,4.757,-13.881,5.058,GaiaDR2,,,21,1,0,1,0,*,NAME Haro 6-37 B
2MASS J04470620+1658428,Gaia DR2 3406081865148861440,DRTau,04 47 06.22,+16 58 43.0,5.106,-13.924,5.141,GaiaDR2,21.100,15,0,0,1,1,0,,2MASS J04470620+1658428
2MASS J04474012+2850409,Gaia DR2 158197973524029696,,04 47 40.14,+28 50 40.5,7.731,-25.800,6.021,GaiaDR2,,,2,1,0,0,1,*,2MASS J04474012+2850409
2MASS J04474859+2925112,Gaia DR2 158249306976130176,DSTau,04 47 48.60,+29 25 11.3,5.043,-24.334,6.316,GaiaDR2,16.300,4,3,1,1,1,0,*,2MASS J04474859+2925112
2MASS J04480632+1551251,Gaia DR2 3405104605470388736,,04 48 06.34,+15 51 24.9,12.329,-19.894,6.574,GaiaDR2,,,0,0,0,1,0,,2MASS J04480632+1551251
2MASS J04481348+2924537,Gaia DR2 158252231846211968,,04 48 13.50,+29 24 53.4,5.336,-24.669,6.437,GaiaDR2,,,3,1,0,1,0,*,2MASS J04481348+2924537
2MASS J04482128+2927120,Gaia DR2 158252399348280704,,04 48 21.30,+29 27 11.6,5.420,-24.736,6.420,GaiaDR2,9.930,18,3,1,0,0,1,*,2MASS J04482128+2927120
2MASS J04482174+2928054,Gaia DR2 158254087272066304,,04 48 21.76,+29 28 05.0,5.364,-24.732,6.840,GaiaDR2,,,3,1,0,0,1,*,2MASS J04482174+2928054
2MASS J04482274+2946227,Gaia DR2 158401834147095680,HD30378,04 48 22.75,+29 46 22.4,5.795,-25.278,6.229,GaiaDR2,,,3,1,0,1,0,*,2MASS J04482274+2946227
2MASS J04484189+1703374,Gaia DR2 3406087053469332352,,04 48 41.90,+17 03 37.4,4.927,-14.024,4.753,GaiaDR2,,,21,1,1,1,0,*,2MASS J04484189+1703374
2MASS J04485745+2913521,Gaia DR2 158234192983875328,,04 48 57.46,+29 13 51.7,4.101,-24.286,6.219,GaiaDR2,,,3,1,0,1,0,*,2MASS J04485745+2913521
2MASS J04485789+2913548,Gaia DR2 158234192983874560,,04 48 57.90,+29 13 54.4,12.506,-26.427,5.007,GaiaDR2,,,0,0,0,1,0,,2MASS J04485789+2913548
2MASS J04491437+2934354,Gaia DR2 158348056861781632,,04 49 14.39,+29 34 35.1,7.185,-26.024,5.998,GaiaDR2,,,2,1,0,0,1,*,2MASS J04491437+2934354
2MASS J04492210+2911124,Gaia DR2 155230907037346048,,04 49 22.11,+29 11 11.9,5.250,-24.870,6.121,GaiaDR2,,,3,1,0,1,0,*,2MASS J04492210+2911124
2MASS J04504003+1619460,Gaia DR2 3405234931957672576,,04 50 40.06,+16 19 45.7,11.486,-18.947,7.066,GaiaDR2,,,0,0,0,1,0,,2MASS J04504003+1619460
2MASS J04505864+2852218,Gaia DR2 155162123136347648,,04 50 58.67,+28 52 21.4,6.831,-25.618,5.875,GaiaDR2,,,2,1,0,0,1,*,2MASS J04505864+2852218
2MASS J04514737+3047134,Gaia DR2 159965197946584320,UYAurA+B,04 51 47.38,+30 47 13.6,4.379,-25.972,6.456,GaiaDR2,13.920,15,0,0,1,1,0,,2MASS J04514737+3047134
2MASS J04520668+3047175,Gaia DR2 159987737936257408,IRAS04489+3042,04 52 06.67,+30 47 17.5,,,,,,,0,0,1,1,0,,2MASS J04520668+3047175
2MASS J04520970+3037454,Gaia DR2 159959189288493568,Haro6-39,04 52 09.71,+30 37 45.0,8.075,-24.622,8.671,GaiaDR2,,,0,0,0,1,0,,2MASS J04520970+3037454
,,UGCS J045210.35+303734.3,04 52 10.35,+30 37 34.3,,,,,,,0,0,0,1,0,,UGCS J045210.35+303734.3
2MASS J04551098+3021595,Gaia DR2 156907907082740480,GMAur,04 55 10.99,+30 21 59.4,3.899,-24.451,6.294,GaiaDR2,15.150,15,0,0,1,1,0,,2MASS J04551098+3021595
2MASS J04552333+3027366,Gaia DR2 156915290131026816,,04 55 23.33,+30 27 36.7,4.994,-24.996,6.080,GaiaDR2,,,1,0,1,1,0,,2MASS J04552333+3027366
2MASS J04553695+3017553,Gaia DR2 156900622818205312,LkCa19,04 55 36.96,+30 17 55.3,4.307,-24.132,6.293,GaiaDR2,13.578,15,1,1,1,1,0,*,2MASS J04553695+3017553
2MASS J04554046+3039057,Gaia DR2 157015075106952832,,04 55 40.46,+30 39 05.8,4.091,-24.113,6.389,GaiaDR2,,,1,1,1,1,0,*,2MASS J04554046+3039057
2MASS J04554535+3019389,Gaia DR2 156901138214266112,,04 55 45.36,+30 19 39.0,3.617,-25.053,6.492,GaiaDR2,,,1,1,1,1,0,*,2MASS J04554535+3019389
2MASS J04554582+3033043,Gaia DR2 156917493449670656,ABAur,04 55 45.84,+30 33 04.3,3.926,-24.112,6.170,GaiaDR2,8.900,11,1,1,1,1,0,*,2MASS J04554582+3033043
2MASS J04554757+3028077,Gaia DR2 156915878541979264,,04 55 47.57,+30 28 07.7,3.477,-23.996,6.410,GaiaDR2,,,0,0,1,1,0,,2MASS J04554757+3028077
2MASS J04554801+3028050,Gaia DR2 156915878541979008,,04 55 48.03,+30 28 04.5,4.602,-23.697,6.097,GaiaDR2,,,1,1,0,1,0,*,2MASS J04554801+3028050
2MASS J04554820+3030160,Gaia DR2 156916325218569856,XEST26-052,04 55 48.19,+30 30 16.2,3.846,-24.428,6.229,GaiaDR2,,,1,1,1,1,0,*,2MASS J04554820+3030160
2MASS J04554822+3020165,Gaia DR2 156901168277114752,HD31305,04 55 48.24,+30 20 16.1,4.352,-23.441,5.623,GaiaDR2,,,0,0,0,1,0,,2MASS J04554822+3020165
2MASS J04554969+3019400,Gaia DR2 156900966415569920,,04 55 49.70,+30 19 40.1,4.829,-23.024,6.419,GaiaDR2,,,1,0,1,1,0,,2MASS J04554969+3019400
2MASS J04555288+3006523,Gaia DR2 156842486140929024,,04 55 52.90,+30 06 52.2,13.240,-10.695,6.178,GaiaDR2,,,0,0,1,0,0,,2MASS J04555288+3006523
2MASS J04555605+3036209,Gaia DR2 157011536054213504,XEST26-062,04 55 56.06,+30 36 20.9,,,,,14.400,14,0,0,1,1,0,,2MASS J04555605+3036209
2MASS J04555636+3049374,Gaia DR2 157018884742748032,,04 55 56.38,+30 49 37.6,5.490,-25.547,6.505,GaiaDR2,,,1,0,1,1,0,,2MASS J04555636+3049374
2MASS J04555938+3034015,Gaia DR2 157010573981545344,SUAur,04 55 59.38,+30 34 01.6,4.647,-24.319,6.344,GaiaDR2,14.260,15,1,1,1,1,0,*,2MASS J04555938+3034015
2MASS J04560118+3026348,Gaia DR2 156904161871193088,XEST26-071,04 56 01.18,+30 26 34.8,4.469,-21.341,6.333,GaiaDR2,,,0,0,1,1,0,,2MASS J04560118+3026348
2MASS J04560201+3021037,Gaia DR2 156902512603777408,HBC427,04 56 02.02,+30 21 03.6,5.646,-21.744,6.759,GaiaDR2,18.000,18,0,0,1,1,0,,2MASS J04560201+3021037
2MASS J04564798+2913113,Gaia DR2 156577881796362496,PSOJ074.1999+29.2197,04 56 47.99,+29 13 11.0,5.912,-24.474,6.337,GaiaDR2,,,1,0,0,1,0,,2MASS J04564798+2913113
2MASS J04565141+2939310,Gaia DR2 156629039151059328,,04 56 51.42,+29 39 30.8,5.456,-24.725,6.799,GaiaDR2,,,1,0,0,1,0,,2MASS J04565141+2939310
2MASS J04570011+2910593,Gaia DR2 156574617621217792,,04 57 00.12,+29 10 59.0,4.750,-24.729,6.079,GaiaDR2,,,1,1,0,0,1,*,2MASS J04570011+2910593
2MASS J04572852+3029107,Gaia DR2 156948382855058176,,04 57 28.51,+30 29 10.6,4.186,-24.559,6.399,GaiaDR2,,,1,1,0,0,1,*,Gaia DR2 156948382855058176
2MASS J04572852+3029107,Gaia DR2 156948382853116800,,04 57 28.59,+30 29 08.8,3.802,-24.549,6.344,GaiaDR2,,,0,0,0,0,1,,Gaia DR2 156948382853116800
2MASS J04574903+3015195,Gaia DR2 156930339697581440,,04 57 49.03,+30 15 19.4,,,,,,,0,0,1,1,0,,2MASS J04574903+3015195
2MASS J04575235+2954072,Gaia DR2 156640004202940672,,04 57 52.35,+29 54 06.7,3.851,-24.982,6.308,GaiaDR2,,,1,1,0,0,1,*,2MASS J04575235+2954072
2MASS J04584626+2950370,Gaia DR2 156728858486611712,MWC480,04 58 46.27,+29 50 37.0,4.793,-25.348,6.212,GaiaDR2,,,1,0,1,1,0,,2MASS J04584626+2950370
2MASS J04584629+2954449,Gaia DR2 156730056780790528,,04 58 46.30,+29 54 44.5,4.090,-25.420,6.464,GaiaDR2,,,1,1,0,0,1,*,2MASS J04584629+2954449
2MASS J04584681+2954407,Gaia DR2 156730056780026240,,04 58 46.83,+29 54 40.3,3.249,-24.370,6.259,GaiaDR2,,,0,0,0,0,1,,2MASS J04584681+2954407
2MASS J04585141+2831241,Gaia DR2 155744074024631296,BSTauA,04 58 51.41,+28 31 23.6,5.303,-28.918,6.896,GaiaDR2,,,0,0,0,1,0,,2MASS J04585141+2831241
,Gaia DR2 155744074023050368,BSTauB,04 58 51.50,+28 31 24.0,5.638,-30.258,7.155,GaiaDR2,,,0,0,0,1,0,,Gaia DR2 155744074023050368
2MASS J04585189+2935461,Gaia DR2 156616124184955776,,04 58 51.90,+29 35 45.7,4.511,-24.967,6.342,GaiaDR2,,,1,1,0,0,1,*,2MASS J04585189+2935461
2MASS J04590305+3003004,Gaia DR2 156732977357829888,,04 59 03.05,+30 03 00.0,4.590,-24.734,6.418,GaiaDR2,,,1,1,0,1,0,*,2MASS J04590305+3003004
2MASS J04593087+2847231,Gaia DR2 155754583809675392,,04 59 30.88,+28 47 22.7,4.473,-24.845,5.906,GaiaDR2,,,1,1,0,0,1,*,2MASS J04593087+2847231
,Gaia DR2 156725353793541504,GZAurB,05 00 03.09,+30 01 08.4,5.353,-23.818,6.291,GaiaDR2,,,0,0,0,1,0,,Gaia DR2 156725353793541504
2MASS J05000310+3001074,Gaia DR2 156725349496991104,GZAurA,05 00 03.12,+30 01 06.0,4.824,-26.467,6.021,GaiaDR2,,,0,0,0,1,0,,Gaia DR2 156725349496991104
2MASS J05010116+2501413,Gaia DR2 3419631520599185664,,05 01 01.18,+25 01 40.9,5.185,-26.268,6.252,GaiaDR2,,,5,1,0,0,1,*,2MASS J05010116+2501413
2MASS J05023051+2216504,Gaia DR2 3412249541265750912,,05 02 30.51,+22 16 50.0,4.276,-23.963,6.297,GaiaDR2,,,0,0,0,0,1,,2MASS J05023051+2216504
2MASS J05023483+2745499,Gaia DR2 155447893079715456,,05 02 34.84,+27 45 49.5,4.269,-24.571,6.248,GaiaDR2,,,1,0,0,1,0,,2MASS J05023483+2745499
2MASS J05023985+2459337,Gaia DR2 3419944920068400000,,05 02 39.87,+24 59 33.4,4.662,-26.481,6.356,GaiaDR2,,,5,1,0,1,0,*,2MASS J05023985+2459337
2MASS J05025773+2800419,Gaia DR2 155460331304956160,,05 02 57.75,+28 00 41.5,5.612,-24.402,6.651,GaiaDR2,,,0,0,0,0,1,,2MASS J05025773+2800419
2MASS J05030659+2523197,Gaia DR2 3420008412568724736,V836Tau,05 03 06.60,+25 23 19.7,3.000,-17.178,5.927,GaiaDR2,18.150,15,4,1,1,1,0,*,2MASS J05030659+2523197
2MASS J05044139+2509544,Gaia DR2 3419962546614118144,CIDA8,05 04 41.40,+25 09 54.4,2.161,-16.900,5.886,GaiaDR2,,,4,1,1,1,0,*,2MASS J05044139+2509544
2MASS J05044950+2510187,,,05 04 49.50,+25 10 18.8,,,,,,,0,0,0,1,0,,2MASS J05044950+2510187
2MASS J05045988+3145014,Gaia DR2 157497210956668160,PSOJ076.2495+31.7503,05 04 59.90,+31 45 01.1,5.657,-24.040,5.995,GaiaDR2,,,0,0,0,1,0,,2MASS J05045988+3145014
2MASS J05052286+2531312,Gaia DR2 3419989896965813376,CIDA9A,05 05 22.87,+25 31 31.1,2.430,-18.563,5.848,GaiaDR2,,,0,0,1,1,0,,2MASS J05052286+2531312
,Gaia DR2 3419989892674105088,CIDA9B,05 05 22.97,+25 31 31.7,2.418,-18.521,5.623,GaiaDR2,,,4,1,0,1,0,*,Gaia DR2 3419989892674105088
2MASS J05061674+2446102,Gaia DR2 3419186939943738880,CIDA10,05 06 16.75,+24 46 10.2,2.718,-17.464,5.248,GaiaDR2,,,0,0,1,1,0,,2MASS J05061674+2446102
2MASS J05062332+2432199,Gaia DR2 3419110734340795648,CIDA11,05 06 23.33,+24 32 20.0,7.010,-17.103,6.648,GaiaDR2,,,0,0,1,1,0,,2MASS J05062332+2432199
2MASS J05064662+2104296,Gaia DR2 3408923003195121024,,05 06 46.63,+21 04 29.6,12.549,-20.674,6.151,GaiaDR2,19.400,16,0,0,1,0,0,,2MASS J05064662+2104296
2MASS J05071206+2437163,Gaia DR2 3419134438264747648,RXJ0507.2+2437,05 07 12.07,+24 37 16.3,3.473,-17.074,5.798,GaiaDR2,18.740,15,4,1,1,1,0,*,2MASS J05071206+2437163
2MASS J05073903+2311068,Gaia DR2 3418414193726125184,,05 07 39.04,+23 11 06.4,3.207,-18.070,6.082,GaiaDR2,,,0,0,0,1,0,,2MASS J05073903+2311068
,Gaia DR2 156430822114424576,RWAurB,05 07 49.46,+30 24 04.3,2.747,-27.558,6.146,GaiaDR2,,,0,0,0,1,0,,V* RW Aur A
2MASS J05074953+3024050,Gaia DR2 156430817820015232,RWAurA,05 07 49.54,+30 24 05.0,4.238,-24.996,6.613,GaiaDR2,15.000,15,0,0,1,1,0,,V* RW Aur B
2MASS J05075496+2500156,Gaia DR2 3419288030590780416,CIDA12,05 07 54.96,+25 00 15.5,3.512,-17.566,6.095,GaiaDR2,,,4,1,1,1,0,*,2MASS J05075496+2500156
2MASS J05080636+3026233,Gaia DR2 156430577302380800,,05 08 06.36,+30 26 22.9,4.075,-25.693,6.357,GaiaDR2,,,0,0,0,0,1,,2MASS J05080636+3026233
2MASS J05080709+2427123,Gaia DR2 3419115128091798400,,05 08 07.10,+24 27 12.0,2.072,-17.367,5.619,GaiaDR2,,,4,1,0,1,0,*,2MASS J05080709+2427123
2MASS J05080816+2427150,Gaia DR2 3419115128091798272,,05 08 08.17,+24 27 14.6,,,,,,,0,0,0,1,0,,Gaia DR2 3419115128091798272
,Gaia DR2 3419115132386033280,J05080816+2427150B,05 08 08.20,+24 27 15.4,-1.889,-17.559,5.775,GaiaDR2,,,0,0,0,1,0,,Gaia DR2 3419115132386033280
2MASS J05084253+3026573,Gaia DR2 156385226743440512,,05 08 42.54,+30 26 56.8,4.323,-25.688,6.468,GaiaDR2,,,0,0,0,0,1,,2MASS J05084253+3026573
2MASS J05091964+2855332,Gaia DR2 155945696970055424,,05 09 19.65,+28 55 32.7,3.758,-25.619,6.362,GaiaDR2,,,0,0,0,0,1,,2MASS J05091964+2855332
2MASS J05092844+2903003,Gaia DR2 155964354307956480,,05 09 28.45,+29 02 59.9,4.528,-22.230,5.935,GaiaDR2,6.170,18,0,0,0,0,1,,2MASS J05092844+2903003
2MASS J05095908+3036453,Gaia DR2 156413470446217984,,05 09 59.09,+30 36 45.0,3.861,-26.608,6.647,GaiaDR2,,,0,0,0,0,1,,2MASS J05095908+3036453
2MASS J05095977+3036422,Gaia DR2 156413470448259968,,05 09 59.78,+30 36 41.8,4.284,-26.106,6.520,GaiaDR2,,,0,0,0,0,1,,2MASS J05095977+3036422
2MASS J05122759+2253492,Gaia DR2 3415706130944329216,,05 12 27.59,+22 53 48.9,4.203,-19.488,3.698,GaiaDR2,,,0,0,0,1,0,,2MASS J05122759+2253492
2MASS J05122759+2253492,Gaia DR2 3415706130945884416,,05 12 27.59,+22 53 48.9,,,,,,,0,0,0,1,0,,2MASS J05122759+2253492
