source_id,ra,dec,parallax,pmra,pmdec,ruwe
162535413750345856,60.95565251496324,26.18102272589271,6.7580388985999305,20.85324167624313,-30.27773536215791,21.986295700073242
162535413754166528,60.95530514085524,26.18072692841602,7.803456753630271,20.133753356948596,-27.91139721220285,1.159976840019226
162541942104406784,60.95832249203248,26.34386176371138,6.971043539835605,14.435074693499002,-19.268191101134438,1.049942970275879
162535345034688768,60.961923890717365,26.181260209185506,7.731205645169136,19.54779483999466,-30.0090567837804,2.134249687194824
53092775104124288,61.164068360733516,21.971753795802993,8.147688319320931,3.8027093015585236,-15.247629108889438,5.566027641296387
53092775104745984,61.16608029036666,21.97256460124474,8.0560811797657,4.516928730824277,-15.437680288670702,2.9626431465148926
53098994216894208,61.378704042160926,21.852887265676916,8.058593711405802,4.191663639567589,-14.205038309429968,1.3525997400283813
163511608280866816,61.38401553466745,27.55374555974185,7.605549934536042,11.31260617248056,-25.222299095569223,1.249719262123108
164265220422661760,61.67771540091377,29.03366009972496,6.087130776953057,10.982073187276573,-17.51332897358449,1.2123202085494995
162259814291151616,61.685217591642704,25.6716506056199,6.524406046782286,14.00625028522942,-18.759613971950877,1.0644888877868652
162260226605718784,61.71400968742802,25.69098551798936,5.63715675811391,14.600649079467264,-18.15909069632713,5.353907585144043
162260226608005120,61.714058717032785,25.691263964436374,6.29561073476072,12.20432318307362,-17.973249368714033,1.5132594108581543
162259951730099968,61.72360381517879,25.676833642851097,6.5789939079567334,14.135666864173773,-18.768529866231013,1.099043607711792
163926914439144320,62.032644687141584,28.124448766646186,4.356945140941857,-0.21419728879843358,-10.409737527040562,1.201043725013733
150073682105601408,63.169623638019274,24.637620221806507,6.72612318797205,14.227465076394363,-18.84413837838408,1.2203483581542969
163246832135164544,63.309021635707715,28.31952237441958,7.843327147682954,8.285252558469717,-24.269475857074198,1.1407272815704346
163233981593016064,63.36346516346246,28.273409001914775,7.358662479904253,8.105296602076184,-23.975333639428687,1.726052165031433
163229544890946944,63.472058504924156,28.189682389077266,5.878547336324951,8.859936588371843,-22.64962797352537,1.112326741218567
165563674934601856,63.48911799460237,29.305273422306286,8.3556575392793,9.144099122752122,-23.767535422875127,1.712499976158142
163182888662060928,63.54955532567206,28.19806335942306,7.622175800967898,7.599000239161034,-23.840006115373292,1.151738166809082
163184366130809984,63.55389179678554,28.203309550696616,8.326130351269814,6.540278954972209,-27.792049912722085,7.5262651443481445
163184366130809472,63.55664309355288,28.21354898266823,7.575347285477452,8.382510217262286,-24.54031420008276,1.630246639251709
164738521519622656,63.56085784984311,28.4660239724056,7.6986214017622965,9.34393244117191,-23.83940971484246,1.320207118988037
163184091252903936,63.570892174362506,28.182605335400414,7.601729484808871,8.143596527814433,-24.206318186331117,1.2576512098312378
163181342473839744,63.57341487256743,28.102576941308904,7.428337831485543,8.284508230609935,-23.607230342021914,1.0698966979980469
163181308112262400,63.609490606037625,28.100790882723192,7.46521403423006,7.953552283189998,-26.468703662860385,1.1138747930526733
163178353176600448,63.61005375340543,28.09978603626571,7.632029543003263,9.888589479587575,-25.38592582877389,1.5512382984161377
163178387536338944,63.627319492101854,28.087281767374055,5.558610950839944,4.794656063885452,-23.88779933447568,2.4974770545959473
162757545164429696,63.69714187092417,26.773903297413405,7.844095665315957,8.989825384713045,-22.657513948657588,1.2507628202438354
163177116226018944,63.697533593755054,28.051417251513147,7.741230684617443,10.385744729347486,-26.004667164991787,1.216270089149475
162758236656524416,63.699466563772084,26.802959555085618,7.890485143155648,8.744641221565779,-22.529935720175366,1.1785889863967896
163157325014927360,63.69990901676351,27.87615949328166,,,,
163157325016732288,63.70004014184519,27.876215127903777,,,,
163183644576299264,63.705385797484695,28.208367264199634,7.346167413058616,6.833021710935467,-23.93408611060174,11.449496269226074
163179006011625088,63.71794283291367,28.09983899329068,7.486891227720971,8.195293954337089,-22.94053962521429,1.4865366220474243
163179006011625216,63.71851300085774,28.099845861106676,7.18376139965331,9.408134353459694,-24.033823480955785,0.9648441076278687
163179006011625088,63.71794283291367,28.09983899329068,7.486891227720971,8.195293954337089,-22.94053962521429,1.4865366220474243
163179006011625216,63.71851300085774,28.099845861106676,7.18376139965331,9.408134353459694,-24.033823480955785,0.9648441076278687
163179521407696384,63.771528856007414,28.146017829321977,7.45760258149251,8.784493855848208,-24.477466940001765,2.5782361030578613
162933230804130432,63.77717608098876,27.470319579906928,7.488316552547339,9.860433919627582,-26.570496991602834,1.089452862739563
163165738856771200,63.811386556846024,28.00249392817066,7.768978853795582,9.294902929767652,-25.35435425343756,1.0893633365631104
164800820022316800,63.85047896573981,29.178667878316904,6.229805554220294,12.059471625395418,-18.405244704919642,1.1659126281738281
164773327935288320,63.89867666428729,28.794819231943986,,,,
164684340508950144,63.91322841282823,28.31614973616533,7.53903716064897,9.546513199921948,-24.13731048191775,1.2196300029754639
164802984685384320,63.922198523169286,29.252121094078266,6.544024625993212,12.359993280901147,-18.14738901745426,1.0131527185440063
164800235906367232,63.92794394904728,29.16548204091892,6.2577220063164996,12.56384929092443,-17.189569808986054,0.8875604867935181
164800235906366976,63.92834129141519,29.166539480549527,6.247424479157417,12.103513145729982,-18.144868493928115,1.3550288677215576
164801743439026048,63.95035553010958,29.192485581042195,,,,
162967384383246336,63.99170918430373,27.77137256330591,7.509661140054687,8.940077511223224,-24.43752872380669,1.027141809463501
164474986623118592,64.05049393377813,27.94391103430514,7.425961988233709,8.734824949478167,-24.98964036110145,0.8799962401390076
164475467657712256,64.05865253135624,27.9740708421633,7.96708067542121,9.295881541677975,-23.573657640561972,1.4901667833328247
164475467659453056,64.05874059482268,27.97431339882509,7.61664732898117,8.943742149776078,-26.531858377497613,1.0516853332519531
164676575208109568,64.07197155708216,28.286781692280186,7.586442561701649,8.69540182961871,-25.04887661625049,1.2420854568481445
164470794735041152,64.07861799961792,27.8708270591716,7.401598327195545,8.351592090652737,-24.42802478421728,1.1571228504180908
49366530195372416,64.11354342848254,20.88584684958356,7.237570197634563,4.971697728740665,-11.817045606211458,1.0780097246170044
164666022471759232,64.11714710753598,28.126477139586125,7.703065628890964,7.090525607798386,-25.85378721609259,1.378058671951294
166159747677238272,64.12704106007364,30.618113477000477,3.055224276090791,4.119848359227499,-6.400346530669079,1.0026756525039673
164783811951433856,64.16306204415798,28.980297885170916,5.090210580472079,9.426135745383348,-16.079166478560317,3.177143096923828
164698634160139264,64.39058028815093,28.346222573587614,7.915844179361858,8.886262389338766,-25.678547911475427,1.441637396812439
164705368668853120,64.41231080813535,28.550046300297637,7.56358454615243,7.885600052694353,-25.73560273017883,1.9191893339157104
164506116546058112,64.4565306377111,28.225379753694803,7.3634340996134355,8.799514677184822,-25.182367154074626,1.1042301654815674
164702070133970944,64.4569424722183,28.493314291763927,7.634840405028342,6.9954299340432735,-24.1740366762413,1.2156107425689697
164513022853468160,64.5332621397256,28.434243957423575,8.019862068864061,8.214829347681643,-24.307185356948025,1.5396015644073486
150393571269837184,64.54497202982456,25.332501515126964,7.711661361911372,8.798086673172172,-23.44813317999943,1.4007973670959473
164519276325850752,64.57131778826388,28.47820014386439,7.84990886726958,7.687068676122575,-25.500655885859242,1.1232134103775024
45787585487165184,64.58950430637097,16.979678255633257,5.526605773701755,5.315013526706915,-9.780236602796698,0.892754316329956
164409359522965120,64.6263027795759,27.722285954427875,7.810781110517617,8.799644487816703,-26.569193810625748,1.0311905145645142
164518589131083136,64.62966192674749,28.454376079305934,7.7302819632223025,8.846415731346589,-25.12935439280156,1.1717143058776855
164507353496637952,64.62974065975709,28.274652678775333,7.8924165558517,7.277798309728368,-24.928317500657435,1.275421142578125
164507594015344896,64.63162452677982,28.282819511540787,,,,
164521097391597824,64.63351829167166,28.52082539425185,,,,
164515256236723584,64.66765093273528,28.406682852649976,,,,
164513602672978304,64.6692500972892,28.320878933163453,7.4351542650218505,3.5169587192695575,-28.806217428055703,3.550600528717041
164513400810646912,64.67714149055452,28.313757319390866,7.431443738865095,10.815919537450768,-24.772888233817316,1.2045562267303467
164513538249595136,64.69599863317067,28.335301488536302,7.849687600705467,8.707351042739766,-25.482575436445387,5.496072292327881
164495323291866624,64.71317766039152,28.24247288210963,7.76708436369932,8.481457634974223,-24.688321394204024,0.9847201704978943
164513572609331456,64.7145293735899,28.340582315770803,8.694718010222523,15.39990953491904,-17.35121686171403,2.5688629150390625
47316005432912256,64.71544544198856,17.387880806233994,8.223586002351029,2.9350372730883962,-13.236988804577821,0.9866489768028259
164494296796124416,64.74228321500127,28.206382498036987,7.757932585358498,11.849028886011755,-23.656639786393242,1.6953916549682617
164502062096975744,64.75464431077988,28.328244176654394,7.8006411496591355,7.768782618173514,-25.69415875331632,1.4080774784088135
164487734085116800,64.75534551125605,28.04670544296108,,,,
164514053645658752,64.75828535176076,28.375793492843165,7.566430175508896,9.3067748494029,-25.81017907829022,0.9462137818336487
164517313524721536,64.80352475340696,28.49245388384096,,,,
164517317820762624,64.80332277719818,28.492377237426094,,,,
164832740220756608,64.81602014751422,29.107364105722596,7.849401596984368,8.88941871400974,-26.011183057467367,2.1982007026672363
164436297557793280,64.85506377587694,27.936914274361968,7.644747109137136,9.215973934960621,-26.13079597482689,1.848012089729309
164504467278644096,64.8594886624397,28.437181022877226,7.734234067660837,8.051876896127444,-25.493270115396754,1.3267799615859985
164598303725828608,64.89779170741166,28.455964293302586,7.906060501678047,8.864646817043829,-25.460916543265782,1.100177526473999
164422961683000320,64.92200336629804,27.829931044582754,7.98695148676995,9.53568322636244,-24.83246230490425,1.8028041124343872
164422965979775616,64.92212959204831,27.830177743937604,7.880548550470309,7.365568530717152,-27.93235830354478,0.9686011672019958
164423034699251968,64.9508787075859,27.833418836385704,7.774154284047761,9.314312478018302,-26.18425498935205,1.0057724714279175
164593115404749440,65.06718826779105,28.358920314826907,7.61692834609402,8.571636991186278,-25.24017485874296,1.096961259841919
152349022637314176,65.10654342179186,27.00979593067304,6.036162728954394,11.17457108216588,-17.695947087864823,0.9205330610275269
164546038266077824,65.1076986289031,28.323172403471425,7.050485475555469,9.698283933972874,-25.933576399258605,1.17271888256073
164445437248152832,65.10865183707922,28.06906506379548,7.810953090954392,8.321305516344843,-25.909503418508177,1.1751461029052734
152362491654557696,65.16334266958735,27.292045411763254,7.516923470056114,10.498499668188323,-25.967251840831764,1.386677622795105
47446336216710784,65.21976014972078,17.778141356725524,8.91775054431903,3.8332498887725084,-14.294178984835659,1.4360531568527222
152302946228152448,65.28321662768354,27.03891228347772,,,,
152416436441091584,65.28891566296073,27.843576003123154,,,,
152416436443721728,65.2890058564636,27.84337955291947,7.676995832883964,7.989071567468118,-26.709808730080518,1.4758870601654053
152416436441091584,65.28891566296073,27.843576003123154,,,,
152416436443721728,65.2890058564636,27.84337955291947,7.676995832883964,7.989071567468118,-26.709808730080518,1.4758870601654053
165259178932295552,65.36050489361055,29.879791324890835,7.714649438911512,9.388121674676418,-22.995894327529804,1.447003960609436
152305248330621184,65.39419909683741,27.027347605729116,6.082881596058292,11.678449234345079,-17.15850769541496,1.024757742881775
152284735566828032,65.41525451383082,26.82049183833426,5.951794167993294,11.37037202736379,-17.79091015409068,0.9448890686035156
164530511961426176,65.41731176595617,28.239485664500904,7.97816497699791,8.849142187100417,-25.788713874229117,1.053328275680542
48238809222398336,65.43017463003753,19.570311660607636,6.7951148153179375,6.5156399662282105,-11.841248032003168,1.1563571691513062
152293149405058816,65.44301961014511,26.991417483747444,6.133670410192673,11.431525900125639,-18.56428266353217,1.0549495220184326
152291160837987456,65.47719504955175,26.87537347122846,,,,
152280165721635968,65.47847933529147,26.710311283647034,6.1660131744763875,11.166981591390638,-16.966318407885964,1.01202392578125
152511475478780416,65.48186504102615,27.91826356803018,7.8111724513932,10.623899909372133,-27.198223086942747,1.3873971700668335
164551162164119424,65.48924942900807,28.443089802857948,7.2348709398574105,8.744497497173077,-27.001646650721295,13.28101921081543
164536250037820160,65.49524661321361,28.301691617649134,7.873458697336928,8.836782471533684,-26.42611944174361,0.9253832697868347
48192969034959232,65.49768837013336,19.53505637260161,6.890082843106112,11.681590877688915,-14.340750006317597,2.295600414276123
152292187332155008,65.5091370966978,26.95842335541847,7.469493764538756,10.896994680653206,-15.70086391206919,1.4913161993026733
164550882989640192,65.51316110287344,28.42741260417594,8.518775941854743,9.57163145124541,-25.668215030027078,5.256768226623535
48193213849576320,65.52070800585341,19.580054361661936,6.860571045410947,6.9734996193754535,-12.281642992117028,1.3437589406967163
48193316928788352,65.55552548722333,19.577518013296945,7.123235979259579,7.0140416329066495,-12.289594857612137,1.356931447982788
152293359861143040,65.56542705251236,26.951640420008843,3.3268432179618506,11.667759350141994,-21.024283460426602,4.951735973358154
150501362066641664,65.56855888188062,25.819860896563263,6.687324576713488,13.830569868611633,-20.020701674122353,0.9787440896034241
152288824375681536,65.56991886100484,26.915802838733807,6.317934067645667,11.557487588424959,-17.869166282420693,1.6097041368484497
152099055539792000,65.6002503164742,26.773799162630862,6.290706379566277,12.041143721685334,-17.672976013062737,1.168681025505066
152098299625634816,65.69955909286277,26.764609685387594,6.444815343011082,11.594980780887887,-17.399459415058583,1.2065322399139404
149525098819498752,65.72575285895195,24.66481643163419,7.7875440861252985,7.550760875978691,-22.19082201894887,1.9193661212921143
149525098820039040,65.72578400802679,24.66447323340577,,,,
152516079683687680,65.77537447008588,28.02197987319352,7.718351729807152,8.800101653321983,-26.32167152089015,1.0355937480926514
152518828462749440,65.78244861748415,28.099177754239854,7.598373817364619,9.824942111251445,-26.709860819012086,1.25279700756073
152082219268562432,65.82605282233354,26.687582468721615,,,,
48297530014248704,65.88716452040848,19.838636061155224,6.591691313868212,8.734603006362992,-10.330075572522638,1.045346736907959
149629483705467008,65.89749725525944,25.05066819065253,7.835424589844414,6.9006645640752335,-21.252239670152928,1.152282953262329
149629479408410240,65.89895035498165,25.04979377083624,7.475032704833836,1.4880311174293026,-24.203525532701796,1.165878415107727
149623711269425408,65.91332350118732,24.937194787809428,7.681217545084896,7.448082558585217,-21.84892658271699,1.3265877962112427
152029992465874560,66.0871201152947,26.514063090317862,7.7867663539226335,9.621886131283205,-27.205623159721306,1.023625135421753
152109054223716480,66.09677518405552,26.835574605074388,6.5049385815021825,11.527062355005196,-18.02219927158369,2.479858875274658
152108882425024128,66.11031276011299,26.83054593330535,6.334203946358633,11.380037071938549,-17.638268224079198,0.9764413237571716
3311263796300229248,66.14089506256809,15.492824551226052,6.651859113467532,12.743711741160263,-19.1908705708759,1.0202641487121582
152000786688289664,66.185807401409,26.170509373294028,6.280640807004096,11.53654592018204,-17.720423027576924,1.502169132232666
152118881108855680,66.18781424560488,27.02898385157661,7.754883485289298,8.419223921535403,-26.770808579368097,1.0637792348861694
152104381299305728,66.20069556594676,26.72106374087008,6.226079296801529,10.682340883237721,-14.59497531244607,1.2340699434280396
152104381299305600,66.20440941935112,26.719479907644562,6.622795615621656,10.86516613408335,-16.761043951199856,2.0771031379699707
152104381299305856,66.20530869948438,26.717442277474962,6.7009208371519495,12.437968489935617,-17.67675218248361,2.998257875442505
152057239738385792,66.20924795584196,26.683443768338794,6.351144953074037,11.838355284741521,-17.19058718835816,1.0393081903457642
152226491513195648,66.23788485854425,27.198920914019574,7.729192506935455,8.308487782706937,-26.541464013583745,1.3002605438232422
152917298349085824,66.3146767426283,28.490871731835473,7.201759924829643,10.945031835938593,-25.227777213753406,1.3716875314712524
152009033025476352,66.3229013221621,26.296743774297884,,,,
152009028728671744,66.32376416708524,26.297289329498625,,,,
151283870746458496,66.62251321142186,26.40373238438986,6.3553631293333535,11.280958904558759,-17.66694347974284,1.2029932737350464
149409920679460096,66.62733700746509,24.732078855235414,8.109621390001582,6.392390059049028,-20.74887663667886,1.1618818044662476
152466120624336896,66.68544312746994,27.945255838327675,7.436341230429992,9.617240631685725,-25.045511029195744,1.0796520709991455
151262911306653056,66.72309226689748,26.11498060445309,7.351976143535293,4.433273668478126,-21.615255814907375,3.7475056648254395
151262941369626752,66.72669163405935,26.1140601036549,7.723600640747318,4.258796622128463,-20.595281989941515,3.2415847778320312
151262876946558976,66.738843650135,26.107780201287703,7.663141258827084,5.589530770695399,-20.58284415786388,0.995336651802063
151179966897747840,66.76164922951511,25.70611944670234,5.667196863297122,2.2073054303988293,-26.458337391519613,21.924577713012695
151262700852297728,66.76957782396433,26.104370145273762,7.983639610729644,5.514377998436672,-20.477893781524354,6.891540050506592
145494460991086976,66.78088493127743,22.250966945271244,6.210534005068,7.615507982896058,-17.056033128505774,1.0234700441360474
151286550806099712,66.85289306178457,26.40542718913325,6.317774035783405,11.562561177734771,-17.830192494640666,1.19767427444458
151265002954775936,66.8666745979684,26.201311965637473,7.494379618230552,2.3544564091361444,-22.661818824909755,1.1349519491195679
146319193494413696,66.93917084144658,23.95670898507713,6.295025831019844,11.959405142479806,-16.147887463074774,1.0964947938919067
152178976290554496,67.0653228938789,27.186281176006496,7.639639162613028,8.690875682796444,-26.657333691119014,1.2563154697418213
152180827420224128,67.17762799569142,27.234389755261073,7.770385762149127,7.7548249233008075,-25.039690660296742,1.259470820426941
152180831716415488,67.17766427495565,27.234215242492333,7.1057728981095,9.080319328085363,-26.20114162302212,1.2887886762619019
152180827420224128,67.17762799569142,27.234389755261073,7.770385762149127,7.7548249233008075,-25.039690660296742,1.259470820426941
152180831716415488,67.17766427495565,27.234215242492333,7.1057728981095,9.080319328085363,-26.20114162302212,1.2887886762619019
3314586142482134144,67.21065690364678,18.743283860858728,6.747204079631924,12.515630456981231,-18.99503370495068,1.4908443689346313
152643240779301632,67.25289492163434,27.91747073124446,7.439493617404104,8.964441641568396,-25.68630073616521,1.0329395532608032
151393577095005312,67.27079515253342,26.818580103462484,7.55052545117142,6.90892565221911,-18.698814222123026,1.8334286212921143
3314526695839460352,67.32169290112299,18.4434230201204,4.998354451166891,5.42927043535448,-18.613856535670525,1.0003246068954468
3314527456049017600,67.32155727844619,18.44380184297711,5.407053839685802,6.032379084482683,-18.575875444141666,0.9336052536964417
152189662169148288,67.33267104211592,27.40410788457411,7.5200278253332336,7.0907584716602345,-24.739879161574738,0.9075666069984436
151373820245230080,67.33630114080084,26.561141251496565,7.715803886382155,7.303621078077507,-21.101078510970545,2.7359907627105713
151423440003137024,67.34025792352878,27.02375450112614,,,,
149367383323435648,67.34892361280212,24.549948517367444,7.006003137012859,7.992114072681636,-26.659732281456144,4.297133922576904
149367387618890624,67.34900155927471,24.549791354327837,,,,
144559188913607168,67.3688906530043,21.101857685300892,5.9656709653482025,8.509767459159718,-18.24008449478121,1.4832690954208374
151313901157347840,67.37378175350489,26.2813246942972,,,,
145886539965771648,67.37549932544228,22.65420466359833,6.210851758981284,8.980465815469902,-17.673440133209162,1.1806269884109497
149369139966814976,67.40031209024785,24.59868306096478,7.6281308234204594,8.636884274838316,-20.640929873873688,1.0954946279525757
151374202498079872,67.4231683715687,26.549386841787584,7.4935948412810784,6.603307555678407,-20.870573377409652,1.500932216644287
151374198202645376,67.42700785664103,26.546883433682193,7.269022601967917,8.007185989645334,-21.77071453784969,2.5090699195861816
151327159721125888,67.44033984396289,26.512840049375505,8.02313829374172,7.397335092962752,-21.01970854610412,1.1326903104782104
151297958238753664,67.46485011063402,26.11236632310629,7.603870880372988,5.950887415301006,-21.309222761554924,2.73736310005188
3314212514687403264,67.47599860497333,17.901000905045585,7.544455310094482,13.196153444308496,-18.562335460743355,1.6584464311599731
146366442430208640,67.49799065088487,24.552040229103127,7.588839693531632,8.514488372559537,-21.35342964826256,1.1276284456253052
3314508626912469888,67.5149726248974,18.230321280337673,7.052939572843137,13.731789774391281,-20.00711707003846,2.5263431072235107
3314508622617470848,67.51667670707393,18.229574537178486,6.922733612933888,12.560202559547225,-19.803824412808932,1.0260155200958252
3314508626912857472,67.51669855318232,18.23033126676335,7.030804547661378,12.850096450350785,-17.33528650730064,1.6210466623306274
151296579553731456,67.53021527719734,26.138985401356297,8.148546180608315,5.266787833382298,-22.620605195403257,1.0553256273269653
146285112929523456,67.59857196488342,23.986844492661923,7.558544164316863,7.7054466214043345,-22.202108220260772,1.0805342197418213
146361013590374144,67.62332003500802,24.445807115301807,6.368969048551179,8.908056550775335,-24.076121870166855,2.4099502563476562
146361013591547776,67.62356662360257,24.44574650809413,,,,
146361013590374144,67.62332003500802,24.445807115301807,6.368969048551179,8.908056550775335,-24.076121870166855,2.4099502563476562
146361013591547776,67.62356662360257,24.44574650809413,,,,
3314102254287178752,67.67441230477438,17.328467663957976,6.880968944755516,12.464262197105661,-18.897504494112635,1.1385645866394043
151106780654065792,67.68436823569026,26.02344202642277,7.574671767950006,6.314531182568981,-21.433615447510864,1.9637199640274048
151106780653458944,67.68501045831725,26.023120107224948,6.71036875523048,7.298518663554746,-22.92929623304431,2.023038864135742
145921994918655488,67.70954723379356,23.002366968803635,8.029620833710938,11.949303417979637,-14.773370076885797,3.4473164081573486
145921999215653632,67.70993171601624,23.0023321926715,6.82756127778539,10.848323711514542,-16.615883363005377,1.289604663848877
145921994918655488,67.70954723379356,23.002366968803635,8.029620833710938,11.949303417979637,-14.773370076885797,3.4473164081573486
145921999215653632,67.70993171601624,23.0023321926715,6.82756127778539,10.848323711514542,-16.615883363005377,1.289604663848877
147869784062378624,67.7141462547527,24.706110223318355,7.456608247330598,7.123114495990078,-21.14013109052362,6.643100261688232
147869573608324992,67.7155558425022,24.696449084123433,9.460562287910891,10.67529060383959,-14.991469605971336,2.489677667617798
151102790629500288,67.73837575962042,25.944219984256765,7.8224837330236685,5.398472565611199,-22.30382082282231,1.0950154066085815
151793082068521856,67.81020838976632,27.17152221785913,7.8733769617572715,9.200125945427109,-27.553834238550753,1.0399173498153687
3314328822401984768,67.8158272574226,18.33521645844871,7.022275583478115,12.511904775729288,-18.006871089711346,1.3471364974975586
146050057959093632,67.82951824472815,23.584592836118528,5.989236721542737,7.671212669673581,-16.079969289563486,1.3511431217193604
3314299238667410176,67.85028977241991,18.005872798772085,6.851265578363237,10.497349385311313,-19.680389342790598,1.0476181507110596
151787064819255936,67.86127730824168,27.0551365904903,6.6149309278463075,12.05281559473773,-19.214066532195652,1.254988193511963
3314312226648610560,67.90063626619491,18.228580153895173,7.134000589360542,8.296865155442685,-19.768715838940082,2.356621026992798
3314312604603979520,67.91701990402878,18.232466612436607,,,,
3314312604605602688,67.91705895375453,18.232415504358116,,,,
150908490604475520,67.94357827418682,25.10643378443019,7.5269864864631755,9.95435611907859,-26.80322676116107,1.1199965476989746
147847072275324416,67.96073972298397,24.404835613464947,7.624683286776403,5.076284184975009,-22.943692206456877,1.4677352905273438
3314326829537259648,67.99085516558969,18.36046253660427,6.851615215498792,11.899525312861726,-17.624667238630394,1.259527564048767
3314326722162541056,67.99088877614052,18.359564297075796,6.824174900306914,9.284747734274491,-18.793279570897266,1.0474125146865845
151037064744973696,67.9935841993249,25.72491118968301,6.441364379489538,7.565842440972232,-20.864048352932937,1.2645024061203003
151795487250202240,67.99668838612448,27.188505849856952,7.765811547716716,8.799793636216654,-27.010121063252598,1.1286810636520386
3314326760817782528,67.99875150640602,18.358357202481407,6.603218637542201,10.592576794693604,-17.591433755213735,1.3149018287658691
151028990206478080,68.01376032887298,25.46872737905833,7.875706408544868,6.732587478834992,-22.467136819081738,1.4998689889907837
3314251749212034816,68.03873801181662,17.956217581659516,6.967369417226147,11.755677922610731,-19.386123428236125,1.3389142751693726
3314338163954491136,68.06076675325784,18.337362121615595,6.084325945163313,12.411251311953174,-16.747712202815688,15.976842880249023
147806733942555008,68.06426515715793,24.483121950393816,7.778777803503058,5.299971232525333,-21.168481364625837,2.411221742630005
3314258999116827776,68.06605336191764,18.0273452883219,6.960738913266592,12.029018231920588,-19.22408823394054,1.0647642612457275
3314309890186259712,68.06700096824186,18.212806236086358,6.733564267979626,12.71908703609386,-17.574432824318343,1.125184178352356
147799209159857280,68.07449836548574,24.37070879642205,7.904701873879914,6.854648846390463,-21.81011677277229,1.212736964225769
147799312239072000,68.07869806575334,24.37407965058344,,,,
3314351053152780032,68.09218287319834,18.461764099580304,6.867189060074511,12.47352178674231,-18.69291299916556,1.2171885967254639
146277553787186048,68.09716318394142,24.05030758355711,7.888337325494696,7.181950514940725,-21.88559931906074,1.0493961572647095
145950895754320384,68.10070606855102,22.852232342475713,6.2482917315795,10.353716126865189,-17.167820241593134,1.2528921365737915
146028102086382464,68.10273652257726,23.360533023702512,7.587085683740775,8.321664880520672,-22.121455709792443,1.1363035440444946
3314352530621527296,68.10954348420361,18.464409363620828,6.764356650178731,11.57863201608112,-17.314314752283384,1.066556453704834
151851867285622528,68.11980041140353,27.76981341093319,6.793563105157629,14.94931980065829,-20.84615617940826,1.0444356203079224
3314132593934981248,68.12651233759259,17.524747413084004,6.752014038886845,12.825682398567265,-19.91629660549631,0.9913259744644165
3314132593936245248,68.12621430920348,17.525034009136746,6.873722865010743,13.179530344104982,-20.461010662310134,1.1099480390548706
3314132593936905600,68.12652278441503,17.52783408020431,8.591408848333849,13.209069793288636,-18.210902976060062,6.442475318908691
3314132593934981248,68.12651233759259,17.524747413084004,6.752014038886845,12.825682398567265,-19.91629660549631,0.9913259744644165
3314132593936245248,68.12621430920348,17.525034009136746,6.873722865010743,13.179530344104982,-20.461010662310134,1.1099480390548706
146055624236793472,68.12735322284291,23.482273517750002,6.39657823827052,12.266059126001569,-18.69336377908948,3.6874732971191406
147796013704189440,68.12744347646205,24.33250420981362,7.720603627122365,6.842342560753991,-21.545867539272187,1.1563470363616943
147796013704188928,68.13238027573401,24.334087133963745,7.737149113608998,7.308146810862029,-21.395581050672188,1.5235992670059204
3314261649113588608,68.17121617110797,18.15656729488127,6.950463470567682,12.586847472293393,-19.259955358853873,1.1583034992218018
151045654678970752,68.17839103382941,25.87524920497657,8.124442892066572,1.6619009164458203,-18.814731421493594,15.334249496459961
151045650384137600,68.17949393358727,25.87518371536495,7.666543709610862,5.459552244677701,-22.02105038612434,5.317968845367432
3314258591096887552,68.18229065505332,18.048893152514104,6.757941327097031,12.044080379809804,-18.42013670312858,1.1557725667953491
145951789106513152,68.20514110685203,22.88387763735796,,,,
145951789107603200,68.20469024896032,22.884054084380224,6.152057523121827,7.617657439766367,-15.777537287212983,1.1465176343917847
145951789107603072,68.20579457252325,22.88553144460138,6.087183554772912,10.171487121081842,-17.019820764394854,2.111060857772827
147801270743616896,68.20947772637118,24.369796975942023,10.263732404618,6.486793089736338,-24.580022293357956,1.304329752922058
3313381382679891456,68.21339731157924,17.50247011444624,6.8847478529465675,11.991402540075645,-20.415558891962174,1.119425654411316
3313476524795016448,68.22187221505594,17.592590261902213,7.0165055966326,12.139448899637976,-20.018789266579084,1.2138712406158447
147801339463632000,68.25824924915565,24.349928909600763,7.744170740793433,6.999345118069357,-20.39082149937792,1.353235125541687
151526175620701824,68.26885950072958,26.56022139209024,6.264835910824451,8.553426714010003,-15.203165980580193,1.2805674076080322
147778284078308096,68.2759111793833,24.1593290249629,,,,
147778490237623808,68.27767765862433,24.165199428224643,5.431485856203534,5.799744057253278,-16.251636405440212,41.80671310424805
151130591952773632,68.28258020436837,26.26841275489266,6.646460300686742,8.949272139058383,-17.22633074944347,1.2489393949508667
145947077527182848,68.28948068775544,22.780098716334436,5.670983317314914,12.298710381185664,-17.845381759852284,1.5895776748657227
147831571737487488,68.29182694074392,24.561921201495377,7.670374875396444,7.170984263052814,-21.19718215540367,1.046640157699585
151130317074279552,68.30987893300477,26.239774743149532,5.787704751459447,7.745564859922906,-17.166461141107934,1.3001919984817505
145196527698016512,68.32953015453894,22.77607330224519,7.695354376262662,8.076773496187904,-16.63502137531833,4.823684215545654
145196252820109440,68.35928937174633,22.758053748159252,6.291293624083204,8.899940072927084,-16.526351752449784,1.0581295490264893
3314243782049750144,68.36630399590574,17.978750598493473,7.813209146131577,11.393352400100433,-18.890785023031302,1.2981774806976318
3314244366165299584,68.38676067816063,18.012031815572858,6.841707109782657,13.704318419306498,-18.178224573778092,1.2534453868865967
3314244361868283520,68.38687003094286,18.01673540162773,6.865696256331836,12.322898981541464,-19.091124914128997,0.9430822730064392
3314244361868724224,68.38775985323895,18.016635154811393,6.330149652339072,11.312546395409154,-19.5193369094957,1.8510417938232422
147790202612482560,68.39194882907556,24.35464964390897,7.725770857989555,5.764352690970213,-20.641987778330268,1.386137843132019
147790206908395776,68.3940489569568,24.351535270353512,7.743296609851705,7.464668292467917,-20.510218116957418,1.1728495359420776
151125919028356352,68.40334992595939,26.163554019084412,6.855097779242463,9.758136193650683,-17.10113773539496,10.785276412963867
145081590077487360,68.4128224500212,22.45567853795806,,,,
148010281032823552,68.41286536514626,25.34383484269611,6.252545401745203,9.251940843023062,-18.49682835425225,1.4194793701171875
3314237734735803648,68.4134713130363,17.86377589096658,6.5277016734008875,9.300721436246196,-17.568074523432337,1.7861038446426392
3314237734735803392,68.41406647429527,17.864445969920535,7.439135853997241,11.610291262307578,-17.73391148772069,9.013955116271973
3314236974524627712,68.42392303162403,17.84439570855672,6.903198843817354,12.587381332697408,-19.65101159353121,1.1529991626739502
148017561002336384,68.42886974313994,25.446244175020293,7.099396724054193,3.216280061372855,-23.684100868981687,1.18353271484375
145189277793776896,68.42922429851195,22.598894726605057,6.083989886325647,8.346007959541213,-17.881963959331678,1.3338474035263062
151129011404806912,68.43611706541525,26.250042301447156,6.180006335259812,8.054188425628354,-17.74684314749366,1.4007009267807007
3314282402395528192,68.45311167304646,18.169355775561378,6.942133016150431,11.691297726849687,-18.291766867430752,1.4870582818984985
145203159127518336,68.46676977320926,22.841616895897626,6.237611682425368,8.941561034352315,-17.079105781210348,1.3563315868377686
151127911893054464,68.46862011457614,26.21513739208695,,,,
3314267593348429952,68.47026922941943,18.054513331906204,6.882214622893855,11.830671747742635,-18.50439581559129,1.1942296028137207
151127907599718528,68.47747600488313,26.22374828574325,5.864175708599369,7.535219661296894,-17.914073441947302,1.6710935831069946
151127907597788672,68.47801207202144,26.224224605751946,6.234481125951154,9.538617697223229,-17.528408625007483,1.1760306358337402
147786354323787008,68.52584135339377,24.31401158186438,7.509764429276643,6.131821983268448,-20.620191316638174,0.9600070118904114
145203811962545152,68.54585246096948,22.862256052331663,6.159040502939193,8.9690866817163,-17.131277700253996,1.1277120113372803
145203704587705088,68.56370464481017,22.841812511516327,6.138990480605845,11.067709356832355,-16.82794162409496,1.294883370399475
3313311018233390208,68.57322217674457,17.19191924926516,7.011614081044311,12.696223962323236,-19.50608019836529,1.0033551454544067
3313455329134355456,68.6304252338922,17.372166944786223,6.863184991386924,12.122770278644563,-20.08746719187645,1.4620455503463745
145125987155266048,68.65047182233413,22.42058377394394,6.1331485115174,11.782417123155348,-17.762226229514436,1.0140924453735352
145982742935380096,68.68940721429655,23.13399892086192,6.0426353167469244,10.613491797816465,-17.795696273343843,0.9464647173881531
147818450613367424,68.73094345636527,24.48130631876072,7.425472570156836,5.323454603692208,-20.6798160362601,3.334123373031616
145225596036660224,68.73727083264589,22.97651754360097,6.145679538300955,11.587127951144849,-16.359581435379063,1.0633751153945923
3313463953428629632,68.74686201118398,17.560478488051473,6.841968979652235,12.299035029891279,-20.24048385061372,1.215899109840393
145238687096970496,68.78551260561197,23.194321234015604,7.768131186990854,7.878427616018122,-20.882206933888327,0.9810625314712524
3313414750283302400,68.80493258172972,17.43040923562334,6.626948941415437,11.212731049428644,-17.9872861494835,1.4615312814712524
145132927822383616,68.83425717829877,22.537303059037335,6.079557226171934,9.720585061947412,-16.89792190708951,1.4591436386108398
145213875069914496,68.8371508544326,22.906646482428986,6.2134082468327945,9.974708784316203,-19.13555205149408,1.482779860496521
3313508208769176704,68.85208777558302,17.86180434299123,,,,
3313508208771573888,68.85227042739645,17.861843480554818,,,,
147606657186323712,68.86410294975117,24.249604586887905,7.776009335477387,6.056387222558211,-20.864433006992556,1.1195259094238281
151574107455728256,68.88195711816647,27.25210466471861,7.869157482842466,8.98844138253678,-27.269390055411993,1.2219170331954956
147605282796916992,68.92065390336086,24.18570822261608,7.873295514612806,5.970652706828005,-21.517621946701702,1.154639482498169
147605278502447744,68.92071317780163,24.185124050598333,7.90929978238579,6.230728026673857,-20.922396222892136,0.9695791602134705
145133786815830784,68.92438138749701,22.569807754174153,6.500328662482536,10.894562712429556,-17.93094135272883,0.963093638420105
145212711134828672,68.92519786534123,22.87287332774795,6.090901574311468,10.016582186596185,-16.894178380148375,1.0616183280944824
151870352825256576,68.93871360601688,27.6201961488635,7.674753485785699,13.713749771448782,-26.179177254017464,1.2502309083938599
145209618758377856,68.94728462695916,22.83927313310762,6.195526287113613,10.86785557123785,-18.980414770967144,13.394346237182617
148021722825803904,68.94917662408783,25.395349468369602,7.890904450230468,6.945714317331307,-22.132294040835692,4.746069431304932
145210099794710272,68.96293446165316,22.877670430145727,6.227051287880511,6.102569611936421,-28.125774446485227,1.095043420791626
145209339585095424,68.96433535433566,22.819892011230422,6.424011028060447,11.115972774926181,-15.041520808762618,1.198701024055481
145213295250374016,68.96709847025615,22.91774161834772,6.215925942779712,7.2315507392039695,-7.6457045200823375,1.1808640956878662
145213187879627776,68.96996821973565,22.906370916692342,5.839485649629841,9.03715781826983,-13.852965552000363,2.7721283435821533
145209442664192896,68.9703342169447,22.849512397840275,6.160680335811247,10.554730263478774,-16.930382332304834,1.2406610250473022
145213192171160064,68.97296810585208,22.902418027866208,6.27397189487975,11.66863590546731,-18.757941110523348,2.43300199508667
145213192171159552,68.9757045407027,22.903678923387613,5.9786209725822586,13.458808356253456,-11.3988399889722,3.851809501647949
3313386605360382720,68.98205980232366,17.127650572299906,6.948271378192883,11.938078401989717,-19.025501811578863,1.3286590576171875
3313386609655429248,68.98170331789521,17.12725454921032,6.674839775054668,13.216348886182676,-19.185870974542915,1.1894234418869019
3313386605360382720,68.98205980232366,17.127650572299906,6.948271378192883,11.938078401989717,-19.025501811578863,1.3286590576171875
3313386609655429248,68.98170331789521,17.12725454921032,6.674839775054668,13.216348886182676,-19.185870974542915,1.1894234418869019
145213226530896896,68.9869413262408,22.909949472196523,6.713823780156295,10.561717197226864,-17.131383094097895,10.043782234191895
147523605402800256,68.98685304626143,23.86797557822069,8.37120095180046,6.907412303368526,-20.608332088836182,6.348653793334961
147523609698860160,68.98731321918493,23.86305147598553,7.832410677864724,8.584753022087137,-21.09419270889554,1.315053939819336
145210267297932416,68.99010612005917,22.89921193695504,,,,
147727672184672640,68.99512385738247,24.644504834310492,6.210445175578233,9.891442624039497,-15.077965572819984,1.1605877876281738
145157941711889536,68.99559884742236,22.643055979185075,6.0018901212277065,10.92616911615236,-16.477235226150405,2.2329113483428955
145157937416226176,68.99797802842748,22.641345030134225,6.766734888289074,10.337623901743873,-16.61228046149597,1.0647529363632202
3313412963576880000,69.00553008592894,17.436609203458293,6.9183121756484365,12.278378801090401,-18.628918026888496,1.51708984375
144911784251503616,69.04298110278279,21.993360845944984,8.627324212446315,8.932230995886096,-23.465798687945167,1.1234321594238281
145220064117853696,69.04331806802932,22.99881879928047,6.10380221293166,10.377453206731316,-15.690624846822327,1.2417821884155273
148037764527442944,69.0796335168388,25.716266785491136,7.800229099241554,8.868158363947426,-27.584883509041124,1.2832051515579224
147546080967742720,69.0896349997896,23.854532618472984,8.733338198851742,-0.9181828641349483,-19.222451597868883,1.0501751899719238
147614422487144960,69.13544006759939,24.360953798857935,6.299688238683481,10.000504020678967,-14.353866239491031,1.19837486743927
145217379763796992,69.16224966214106,22.969886167029312,5.54197702420541,9.214297032350546,-16.477912049051902,1.0010191202163696
151499478104075008,69.34055441993324,26.850295967874985,7.805618197444175,8.77383931506919,-27.23933567580712,1.2137243747711182
148369409017865984,69.48630112053304,25.773023221122333,0.9733990142378506,-3.1829139236008874,2.129382405024582,1.056351900100708
148420639387738112,69.50363896330232,25.982476098441314,6.779420055200156,5.300793626196495,-22.279837637011568,0.9444170594215393
148450875956969344,69.56203406963509,26.194333867729167,7.129820843371863,5.435121019869804,-21.56499018063467,1.1403443813323975
146758968080949504,69.56793760130232,23.44441638345393,7.867608552214129,7.602372382216446,-21.906112431081084,1.171216368675232
148449845165337600,69.58893967776885,26.15372694430863,7.175215078192235,6.047063136626272,-22.395383226273644,1.0795708894729614
148449913884294528,69.61914793114478,26.180314124949213,7.219288747537495,6.268467264882882,-21.046648780465794,2.034677267074585
148450085683504896,69.64706733088025,26.177305031004774,7.246719950185014,4.775979175959282,-21.376969915794696,1.286376714706421
3309970392669539584,69.6619416815855,15.76783388608922,7.151389534447338,12.233078852025239,-20.107044043044016,1.1128628253936768
3309970392669539200,69.6628616938616,15.77034848733245,7.152028095500338,13.092407728242838,-19.938903386306595,1.0781500339508057
3409319239697943296,69.68765208143536,17.628645352729897,6.7761481178669225,11.771464804565637,-18.534049083364316,1.1897438764572144
3409319342777158272,69.69696383752168,17.623823490324856,6.754476980981685,11.333748668154621,-18.431456010316726,1.111771821975708
146767764173923328,69.74421535764583,23.609670269515505,7.895900622087726,8.09108249028771,-21.20050830832655,1.1120814085006714
146709146460303744,69.74468142050874,23.399759054635936,7.990327490544827,7.210226096103449,-21.33245850911031,1.1197935342788696
146764809236423808,69.75684709577561,23.60072493439916,7.889087955780814,7.932523978996187,-21.593136773853182,1.2128041982650757
148354733113981696,69.76653630984482,25.740557749693153,7.0936028768499995,6.581613069296694,-21.117286936137667,1.2845674753189087
146764049027283328,69.76897021159431,23.55542638646026,,,,
146764946676068992,69.77193196178567,23.629093973886413,,,,
146767935972608128,69.77387281053254,23.636364696887252,7.916377024819297,8.436753427013725,-22.32903365989565,1.0318458080291748
146764465639042176,69.77661704067877,23.571548801017737,7.969471351331882,8.25399622927935,-21.69860511876395,1.2007561922073364
146708734143437568,69.78921539616816,23.400078548482984,7.960906920821039,7.788100522781237,-21.398362330013082,1.1997097730636597
146469246765971200,69.82262966420338,22.798070725088518,6.518629868982083,10.12309999045235,-18.37075321158295,2.2522501945495605
144936836795636864,69.82418064978997,22.350863792278695,6.36187568237751,10.572733170826698,-17.52742564222232,1.3618584871292114
148378033311467904,69.83725574508408,25.750438963836316,,,,
148378033312276864,69.83714129285754,25.7505078219787,,,,
148378033311467904,69.83725574508408,25.750438963836316,,,,
148378033312276864,69.83714129285754,25.7505078219787,,,,
146881048231272192,69.8902066356562,23.98913430861268,7.867153401972911,7.7735818520800315,-21.12006919520145,1.108543872833252
148400229703257856,69.93703900744292,26.031209749272,7.1594214800858005,6.6870901915351855,-21.949003203507488,1.0209439992904663
148400156688543104,69.94787454132882,26.027873278083714,7.122154178513551,6.0875255281749405,-21.645301839256284,1.3071208000183105
148374391180009600,69.98230194021544,25.750449342428468,6.905349060402058,5.6725411852754934,-20.217016649201703,1.1492395401000977
146874275068113664,70.00283671430812,23.972431335300765,7.914477518747339,7.950696342276189,-21.0341009313852,0.9580427408218384
148386898124771328,70.00736250215284,25.941405946189658,,,,
148386898125118464,70.0072422663966,25.941322937811055,,,,
148386898124771328,70.00736250215284,25.941405946189658,,,,
148386898125118464,70.0072422663966,25.941322937811055,,,,
148401565437820928,70.03338022351535,26.09030604985373,7.280235197054769,5.6500796632007795,-20.769097349339802,1.0423943996429443
146686292938953216,70.05956907772797,23.131735375974213,6.365939738649371,10.348043830305768,-16.705709264061944,1.023883581161499
151639902060635520,70.06041028847294,27.486346421097846,7.255130909055815,8.916773698682016,-27.189126856661392,1.056594967842102
148141775750936960,70.16580880191214,25.318288071581478,7.000052667878717,5.136982533819435,-21.067093785915247,2.4382197856903076
3410539044769663232,70.19495526129796,19.467470409236835,6.869354004157621,12.590627210899527,-20.047130238415896,1.1571182012557983
148381984682184320,70.20610891107367,25.85574838439965,7.098355279333169,4.605601367306596,-19.21155904396844,0.9760344624519348
148381984682184192,70.20631650735528,25.855181317422502,7.066564278554145,4.204671811880109,-19.738280316245522,1.1732054948806763
148384527302822272,70.26772243623911,25.965473003217618,,,,
148063637410559488,70.26962678418046,24.851584782033516,7.3037127466014296,1.300857277800681,-19.153979580218948,12.394203186035156
148063641705483776,70.26965873258091,24.85168051358903,7.025762135432773,9.979225442370156,-18.420626694582964,2.5502705574035645
148384179410294272,70.28445760722252,25.935282599229666,6.803087728386421,5.193008292159962,-21.295371020611086,1.2865313291549683
148196510814073728,70.29496534113004,25.919782989235305,6.594971100624945,4.468388286449908,-20.012895600117556,0.9686154723167419
3409647134680086784,70.30461621036049,18.221928478773638,6.8888214156670475,11.687553670455776,-20.073614274141605,2.4193620681762695
158048409878217216,70.32006527597225,28.666588505502066,6.445648132997993,4.317016732296633,-22.200745433782707,5.894392490386963
148289831863907840,70.41180463045382,25.940675620561716,6.265721147591829,6.167275199436884,-19.329102650483424,5.057412147521973
146487556211644544,70.43710934293101,23.03085149358266,8.182219388616238,7.917722544816522,-20.152413381806525,1.097170352935791
146487560507840768,70.44024585242852,23.032686632940596,8.088687671964342,7.914206266122092,-22.08638139219601,3.8114404678344727
147306318712708352,70.44573288367624,24.665347945044434,7.3338881010777195,6.234834521640728,-19.28813327521281,1.342265009880066
148172179824515968,70.45107337397727,25.575070958849505,7.300477404965179,4.50885762486852,-19.77448774530894,1.0207058191299438
148116246465275520,70.52290010832067,25.382200313497712,6.754921211987163,3.7984588790088094,-22.81549337572191,16.30135154724121
148116177746232192,70.53054317804539,25.384148042667086,,,,
148116280825446784,70.53246540644896,25.38655450295069,6.5104184724341225,5.533091407235356,-18.128081079938003,15.255195617675781
148112913570653568,70.58761283492525,25.342774892288137,7.108381620114149,4.632661807173679,-19.773843235121667,1.198339819908142
158165714024754688,70.61573231269205,29.662368418146425,6.103868660709544,5.504609256307587,-21.392735262083114,2.744781494140625
148099749495579648,70.6570787796807,25.260273233813056,,,,
148106316500918272,70.76284072360495,25.338440307579685,7.0233466338802195,4.736089399843628,-20.108942249805214,1.1825228929519653
158494605440901760,70.83428729686038,29.668250087327625,6.0197510015625815,4.67005603023328,-22.089936597297637,1.4525686502456665
3409447332802321664,70.91931690035973,18.172589970791076,6.8843629218240645,12.849831182919274,-18.95043375040015,1.155998945236206
3406128761895775872,71.00689293148825,16.358905383975184,6.892635440765671,11.537869695386933,-18.992439875550158,0.9635656476020813
147441558642852736,71.11312402592773,25.204477048215875,6.985506241332321,5.760237693340571,-19.84765235221169,1.0009169578552246
154586318344905216,71.22694111546092,27.295781884249916,4.876107558951258,5.712506017529845,-25.56436136855201,11.987305641174316
154586322638884992,71.22735532203113,27.296126413134857,6.307606918805333,8.929713055857201,-21.660165377155487,1.2700283527374268
159525363231870848,71.31892410394332,31.688868650653866,6.34231099302356,5.250937758738,-24.412646339985685,0.9878915548324585
157816859599833472,71.46027270629124,28.659688387701053,6.261998976311078,5.734394808578978,-26.722773980801573,1.4684739112854004
3309789385567829376,71.46378376348343,15.930381809694486,5.945596562812351,11.969269613068114,-16.12125802503326,4.684768199920654
3309789385567829632,71.46401818796566,15.926770256593349,6.791136091689687,11.613868041995415,-18.05821825043019,1.9044691324234009
3406179962200403584,71.60337982956311,17.028099293331564,5.8133832713869475,4.4019809601597455,-14.021823282496555,1.1129791736602783
3406294414490106624,71.60677460791281,17.355860151165956,5.021641520241191,4.501002354567506,-12.501415961939724,1.103414535522461
147373010964871040,71.67760814757685,24.984164451337534,6.753090885143926,4.504749691062152,-19.8263804854106,2.5417842864990234
3406269778557780224,71.69128708805752,16.998384431163476,5.04245882584594,4.82026517988849,-12.985708337324594,1.1080271005630493
3406269842981827712,71.72109581024823,16.9999787214251,5.118194003702254,4.905714389771368,-13.295636698970828,1.0482537746429443
3406270362673331072,71.74573816015784,17.043799362289892,4.846587325824848,4.951774982544288,-13.085971440526668,4.518923759460449
3406270362673330944,71.74622346890598,17.044370412606778,5.116790557350239,5.297645542114694,-14.131175608769086,1.5836656093597412
3406081865148861440,71.77592068126691,16.978497681334044,5.182256200225575,5.207115713644065,-13.888735818673622,1.8684414625167847
158197973524029696,71.91726898951298,28.844581391162016,6.092521479805252,7.794369294371878,-25.840579422443923,1.0841385126113892
158249306976130176,71.95250688236678,29.41966683389875,6.3150082562960925,5.048790827580171,-24.43871828149706,1.5456279516220093
3405104605470388736,72.02642628932573,15.856901382919473,6.971563440471676,12.26865805317909,-19.56526157180402,1.0336737632751465
158252231846211968,72.0562431919891,29.41481857362397,6.458209436472581,5.543551790487266,-24.66502461355112,1.1068834066390991
158252399348280704,72.08875075196127,29.45323034462182,6.419835551359596,5.517275192198978,-24.621764238714093,1.2272981405258179
158254087272066304,72.09066584658976,29.468058706278093,6.650159897143066,5.361311004612429,-24.73253641976214,1.0087826251983643
158401834147095680,72.09479374117515,29.772892982305194,6.356926418263207,5.797402175978996,-25.10285184528114,0.9001628756523132
3406087053469332352,72.1745761966573,17.06028613110347,4.936724504285834,5.002947447241961,-13.766499283667093,1.1184741258621216
158234192983875328,72.23941363326374,29.2310158053682,6.284146181764266,4.421086752393147,-24.14296534103503,1.0788180828094482
158234192983874560,72.24125881087794,29.23176548624866,6.919209371393069,5.935765891429509,-25.361455974040894,3.380054473876953
158348056861781632,72.3099537843784,29.576406006194027,6.024475397104441,7.155548596468702,-26.104201868128108,1.0915229320526123
155230907037346048,72.3421371805313,29.18663041311832,6.221733407585253,5.363258879645673,-24.497392045907507,0.9888056516647339
3405234931957672576,72.6669094685138,16.329370421662304,6.923644700476601,11.722422366772374,-19.102012927942685,1.0724562406539917
155162123136347648,72.74446033443853,28.87261264785539,5.977695076581286,6.992196048691029,-25.654558923909978,0.9819298386573792
159965197946584320,72.94748133494407,30.786982468856518,6.566945443055821,5.237924172982767,-25.91710149591904,2.2122395038604736
159987737936257408,73.02785937824743,30.788057626971355,,,,
159959189288493568,73.04044980187906,30.629172223657783,7.855970365348773,5.533566681111225,-24.634673328171456,5.680874347686768
156907907082740480,73.79577579504748,30.36638472212248,6.324801957162403,3.7476542353904416,-24.298265830169495,2.5263607501983643
156915290131026816,73.84723510120743,30.460038492086646,6.215578487079244,4.74174576523949,-24.959638536462542,1.0056238174438477
156900622818205312,73.90406302657443,30.298531794590684,6.359827108369882,4.508531249207048,-24.17749131320352,0.9673858284950256
157015075106952832,73.91861742175472,30.651453011441784,6.499929728673147,4.446059056538844,-24.016443524789402,1.0543198585510254
156901138214266112,73.93898753449334,30.327350134621312,6.361441384585898,4.053752405472098,-25.513680816134787,1.0768221616744995
156917493449670656,73.94104529388767,30.551085459021337,6.41270938818611,4.018441240783822,-24.026533959852475,1.3687903881072998
156915878541979264,73.94825737517222,30.468661222164158,6.789891449722314,3.8759450544056646,-23.21671561893303,2.4424216747283936
156915878541979008,73.95011543786762,30.46790459701801,6.241255298388499,4.919083313203461,-23.838442069174757,0.9279786944389343
156916325218569856,73.95086531796017,30.50431733422876,6.333055743537696,3.885405284433348,-24.490526176146325,0.9893398284912109
156901168277114752,73.95099684789169,30.337803502284196,6.975885376005191,6.507367721411322,-22.122290059018297,3.0582919120788574
156900966415569920,73.95711059871446,30.327672731062844,6.129989951858192,4.579030965425065,-23.594106953618898,1.0446569919586182
156842486140929024,73.97046935337802,30.11445884315863,6.216731106809638,13.76844449420117,-10.694279278781151,1.1839367151260376
157011536054213504,73.98361022815496,30.605677055295338,5.675303464490928,10.36866598537544,-20.191847203432147,22.461544036865234
157018884742748032,73.98488624290414,30.82694970821222,6.618030281513529,4.922030362967201,-24.93004782022611,1.3295115232467651
157010573981545344,73.99746613164044,30.56697520722418,6.370007441375602,4.184900869553819,-24.303879692826715,1.514351725578308
156904161871193088,74.00497548654184,30.44285548455436,6.916953772145892,7.302827101085239,-23.32924908275872,8.631570816040039
156902512603777408,74.00847122577687,30.35091308836629,6.052600439908326,5.316626173742161,-23.991901211807907,4.679478168487549
156577881796362496,74.19994793902508,29.21972550219982,6.115049286704447,5.50914674193348,-24.58421977533608,0.9457993507385254
156629039151059328,74.21424607825566,29.65855268093595,6.613179585541812,4.938246851892316,-24.653324111385395,0.916306734085083
156574617621217792,74.2504995493533,29.1830463407182,6.17025882425679,4.626617657191387,-24.67175503727787,1.0368129014968872
156948382855058176,74.36880676273357,30.48626091127064,6.324158546295986,4.15066406690365,-24.72075719601134,1.147339105606079
156948382853116800,74.36913652947568,30.48576654184365,6.281722666531788,3.59104031261188,-24.52468207124868,0.9467002153396606
156930339697581440,74.45424651798518,30.25531447558058,,,,
156640004202940672,74.46813538370662,29.90186366270716,6.359999515341317,3.914726008902114,-25.002725959593413,1.3308048248291016
156728858488206080,74.69279709310177,29.843495814863648,6.401440951320787,4.660835771287032,-25.168260351719923,1.008673071861267
156730056780790528,74.69293192838359,29.912361252130147,6.31771693525869,4.197211985655754,-25.643345071013808,1.0501930713653564
156730056780026240,74.695111489384,29.911203875971385,6.375902686190948,4.176197804281206,-24.66022347098291,4.269649028778076
155744074023050368,74.714590306062,28.52333294593501,6.975569545111156,6.545381570746356,-31.430755003998875,0.9216763377189636
155744074024631296,74.71420741156561,28.5232205412491,6.877692851360681,6.051623898951109,-29.397042963110916,1.9556400775909424
155744074023050368,74.714590306062,28.52333294593501,6.975569545111156,6.545381570746356,-31.430755003998875,0.9216763377189636
155744074024631296,74.71420741156561,28.5232205412491,6.877692851360681,6.051623898951109,-29.397042963110916,1.9556400775909424
156616124184955776,74.7162547859022,29.59601898059904,6.324731040319826,4.7371874078144875,-25.149661952068683,1.014563798904419
156732977357829888,74.76271085992391,30.04998394972464,6.3803197758461305,4.532888696666742,-24.64057522048075,1.2417198419570923
155754583809675392,74.87866590459963,28.78964390003817,6.179730871807858,4.859607173178187,-24.696403486570752,0.9925185441970825
156725353793541504,75.01288327847351,30.018996901080715,6.246706571848005,4.695674437739884,-23.607684647426293,1.6153481006622314
156725349496991104,75.0130090051506,30.018343440139674,6.31293968404609,4.337652398327871,-26.18193531784927,1.7377156019210815
3419631520599185664,75.25492326987958,25.02803100539348,6.264226776431504,5.335024909669071,-26.307057049128968,1.0692087411880493
3419631524894763136,75.25455561291392,25.028404225939077,5.814704949927227,4.225297046373734,-26.44423384638372,0.7387251257896423
3412249541265750912,75.6271136671024,22.280541369057236,6.233302257788866,4.309604503303174,-24.19248034306481,1.0508270263671875
155447893079715456,75.64515703051507,27.76374297013583,6.143803430509149,4.537308611474185,-24.787474769199388,1.1788018941879272
3419944920068400000,75.6661072919232,24.992595782231458,6.470762101257847,5.246693988687104,-26.609004480536388,1.0704532861709595
155460331304956160,75.74060852370873,28.011533082214715,6.094038463796619,4.648959283418979,-24.752430621899144,2.587364673614502
3420008412568724736,75.77750987241083,25.388702716302966,5.988246790823275,2.991267416918191,-17.30379993841167,1.16873037815094
3419962546614118144,76.1725000946966,25.165086524585412,5.916953320366945,2.379331393922885,-16.979274961433088,1.2110737562179565
157497210956668160,76.24957769332423,31.7502907611823,5.840843724548743,5.698383312972474,-24.257131242848466,0.959735095500946
3419989896965813376,76.3450923482979,25.525148055694434,5.711848992154211,2.321051106106204,-17.89832793007754,3.593244791030884
3419989892674105088,76.34571331700393,25.5254799957289,6.0397198795919085,2.9183237541660785,-18.287712636833,0.8728043437004089
3419186939943738880,76.56981397001087,24.769410856451128,5.68363498164914,2.1039824618683993,-17.35503810777436,4.761887550354004
3419110734340795648,76.5972526169214,24.53879175046787,5.994306229356816,4.246920872210629,-16.67747934706721,8.567520141601562
3408923003195121024,76.69434004248657,21.07481041275328,6.260515481322269,12.870329941855704,-20.636619788132453,1.0952997207641602
3419134438264747648,76.8003000140426,24.62113773868718,5.880871777549131,3.3608267338609554,-17.066379898742433,1.049426555633545
3418414193726125184,76.91267964032933,23.18511069148866,6.05477504776584,3.2806016469080115,-18.19280208164852,1.0078121423721313
156430817820015232,76.9565443110343,30.401316149887936,5.454096456582266,4.90603392110511,-24.577534567492915,16.42213249206543
156430822114424576,76.95608119552952,30.401204589097233,6.406249329219477,2.6406431770317083,-27.397582540455325,1.5003727674484253
156430817820015232,76.9565443110343,30.401316149887936,5.454096456582266,4.90603392110511,-24.577534567492915,16.42213249206543
156430822114424576,76.95608119552952,30.401204589097233,6.406249329219477,2.6406431770317083,-27.397582540455325,1.5003727674484253
3419288030590780416,76.97904055941467,25.00425512514577,5.884161371704456,2.9919524573326424,-17.296250152559956,1.1475989818572998
156430577302380800,77.02651836193081,30.43969777326366,6.373134596555341,4.030340332137303,-25.723113992160503,1.076503872871399
3419115128091798400,77.02959338255026,24.453343899640576,5.858682947859022,2.351281097845172,-17.250430925028557,1.1239858865737915
3419115128091798272,77.03404298852873,24.4540423280694,,,,
3419115132386033280,77.03416105623738,24.454281676318335,,,,
3419115128091798272,77.03404298852873,24.4540423280694,,,,
3419115132386033280,77.03416105623738,24.454281676318335,,,,
156385226743440512,77.17724927133355,30.44911687056922,6.355347137241262,3.9946444381058823,-25.505642849201426,1.0602778196334839
155945696970055424,77.33187688999188,28.925756555658417,6.501234312891658,4.026744024402053,-25.92323194212176,1.1208053827285767
155964354307956480,77.36854051557943,29.04997794643241,5.982126978867138,4.321142469653841,-22.293471269034864,1.0454888343811035
156413470446217984,77.4961972259461,30.612492865271584,6.71357199794318,3.8427825005707574,-26.492694795289548,1.0453975200653076
156413470448259968,77.49907616782433,30.611612477065556,6.5029218716943795,4.13904729618016,-26.062476393124356,1.1685094833374023
3415706130944329216,78.11495134557485,22.896914542156846,5.7148274913625645,5.981752256929875,-18.59343746687496,2.437345027923584
3415706130945884416,78.11507432655772,22.897051768729856,,,,
3415706130944329216,78.11495134557485,22.896914542156846,5.7148274913625645,5.981752256929875,-18.59343746687496,2.437345027923584
3415706130945884416,78.11507432655772,22.897051768729856,,,,
